Velocity,Mass,Thrust,Drag
0.008,19.83,270.014,0
0.033,19.829,450.024,0
0.077,19.828,630.034,0
0.14,19.826,810.043,0
0.22,19.825,990.053,0
0.318,19.824,1170.063,0
0.435,19.823,1350.072,0
0.57,19.822,1530.082,0
0.723,19.821,1710.092,0.001
0.894,19.82,1890.101,0.001
1.08,19.818,2044.913,0.002
1.268,19.816,2048.538,0.004
1.453,19.814,2026.966,0.006
1.635,19.812,2005.393,0.008
1.816,19.81,1983.821,0.011
1.995,19.808,1962.248,0.014
2.171,19.806,1940.675,0.018
2.348,19.804,1942.696,0.022
2.527,19.802,1968.309,0.027
2.709,19.8,1993.922,0.032
2.893,19.798,2019.535,0.038
3.08,19.796,2045.148,0.045
3.27,19.793,2070.761,0.052
3.462,19.791,2096.375,0.061
3.657,19.789,2121.988,0.069
3.854,19.787,2147.167,0.079
4.054,19.785,2169.741,0.089
4.256,19.782,2191.882,0.1
4.46,19.78,2214.022,0.111
4.667,19.778,2236.162,0.124
4.875,19.775,2258.303,0.137
5.086,19.773,2280.443,0.151
5.3,19.771,2302.583,0.166
5.515,19.768,2324.723,0.181
5.733,19.766,2346.864,0.197
5.953,19.764,2368.37,0.214
6.175,19.761,2386.07,0.232
6.399,19.759,2403.137,0.25
6.624,19.756,2420.203,0.27
6.851,19.754,2437.27,0.29
7.08,19.751,2454.336,0.31
7.311,19.749,2471.402,0.332
7.543,19.746,2488.469,0.354
7.777,19.743,2504.167,0.377
8.012,19.741,2511.659,0.4
8.247,19.738,2517.783,0.424
8.483,19.735,2523.907,0.449
8.72,19.733,2530.03,0.474
8.958,19.73,2536.154,0.5
9.196,19.728,2542.278,0.526
9.434,19.725,2548.402,0.553
9.674,19.722,2554.526,0.581
9.914,19.72,2560.65,0.609
10.154,19.717,2566.774,0.637
10.396,19.714,2572.898,0.666
10.638,19.712,2579.021,0.696
10.88,19.709,2585.145,0.726
11.124,19.706,2591.269,0.757
11.368,19.704,2597.393,0.789
11.612,19.701,2603.517,0.82
11.858,19.698,2609.641,0.853
12.104,19.696,2615.765,0.886
12.35,19.693,2621.889,0.92
12.597,19.69,2628.012,0.954
12.845,19.688,2634.136,0.988
13.094,19.685,2640.26,1.023
13.343,19.682,2646.384,1.059
13.592,19.68,2648.965,1.095
13.842,19.677,2648.002,1.132
14.091,19.674,2647.039,1.169
14.34,19.671,2646.077,1.207
14.59,19.669,2645.114,1.244
14.839,19.666,2644.152,1.283
15.088,19.663,2643.189,1.322
15.337,19.661,2642.226,1.36
15.586,19.658,2641.264,1.399
15.835,19.655,2640.301,1.438
16.084,19.652,2639.339,1.478
16.333,19.65,2638.376,1.518
16.581,19.647,2637.413,1.558
16.83,19.644,2636.451,1.598
17.078,19.641,2635.488,1.639
17.327,19.639,2634.526,1.68
17.575,19.636,2633.563,1.721
17.824,19.633,2632.6,1.763
18.072,19.631,2631.638,1.804
18.32,19.628,2630.675,1.846
18.569,19.625,2629.713,1.889
18.817,19.622,2628.75,1.931
19.065,19.62,2627.787,1.973
19.313,19.617,2627.075,2.015
19.561,19.614,2626.614,2.058
19.809,19.612,2626.153,2.1
20.057,19.609,2625.692,2.143
20.305,19.606,2625.23,2.185
20.553,19.603,2624.769,2.228
20.801,19.601,2624.308,2.271
21.048,19.598,2623.847,2.314
21.296,19.595,2623.385,2.357
21.544,19.593,2622.924,2.401
21.792,19.59,2622.463,2.445
22.04,19.587,2622.002,2.49
22.288,19.585,2621.54,2.534
22.536,19.582,2621.079,2.579
22.784,19.579,2620.618,2.624
23.031,19.576,2620.157,2.669
23.279,19.574,2619.695,2.715
23.527,19.571,2619.234,2.761
23.775,19.568,2618.773,2.807
24.022,19.566,2618.312,2.853
24.27,19.563,2617.85,2.899
24.518,19.56,2617.389,2.946
24.765,19.558,2616.928,2.993
25.013,19.555,2616.467,3.04
25.261,19.552,2616.005,3.088
25.508,19.549,2615.544,3.136
25.756,19.547,2615.083,3.184
26.004,19.544,2614.622,3.232
26.251,19.541,2614.16,3.28
26.499,19.539,2613.699,3.329
26.747,19.536,2613.238,3.378
26.994,19.533,2612.777,3.428
27.242,19.531,2612.315,3.477
27.489,19.528,2611.854,3.527
27.737,19.525,2611.393,3.579
27.984,19.522,2610.932,3.631
28.232,19.52,2610.47,3.683
28.479,19.517,2610.009,3.736
28.727,19.514,2609.548,3.789
28.974,19.512,2609.087,3.842
29.221,19.509,2608.928,3.896
29.469,19.506,2609.073,3.95
29.716,19.504,2609.218,4.004
29.964,19.501,2609.362,4.059
30.212,19.498,2609.507,4.114
30.459,19.495,2609.652,4.169
30.707,19.493,2609.797,4.225
30.955,19.49,2609.941,4.281
31.203,19.487,2610.086,4.337
31.451,19.485,2610.231,4.394
31.698,19.482,2610.375,4.451
31.946,19.479,2610.52,4.508
32.194,19.477,2610.665,4.566
32.442,19.474,2610.81,4.624
32.691,19.471,2610.954,4.682
32.939,19.468,2611.099,4.741
33.187,19.466,2611.244,4.8
33.435,19.463,2611.388,4.86
33.683,19.46,2611.533,4.92
33.932,19.458,2611.678,4.977
34.18,19.455,2611.822,5.036
34.429,19.452,2611.967,5.094
34.677,19.45,2612.112,5.153
34.925,19.447,2612.257,5.212
35.174,19.444,2612.401,5.271
35.423,19.441,2612.546,5.331
35.671,19.439,2612.691,5.391
36.044,19.435,2612.872,5.481
36.604,19.429,2613.143,5.617
37.444,19.42,2613.55,5.824
38.69,19.406,2614.156,6.137
39.936,19.393,2614.879,6.458
41.184,19.379,2615.603,6.807
42.433,19.366,2616.256,7.164
43.683,19.352,2616.647,7.53
44.934,19.339,2617.012,7.904
46.186,19.325,2617.378,8.287
47.438,19.312,2617.743,8.667
48.692,19.298,2618.108,9.085
49.947,19.285,2618.474,9.512
51.202,19.271,2618.839,9.949
52.459,19.258,2619.204,10.396
53.716,19.244,2619.57,10.853
54.974,19.23,2619.935,11.319
56.233,19.217,2620.3,11.796
57.493,19.203,2620.666,12.283
58.754,19.19,2621.031,12.779
60.016,19.176,2621.397,13.282
61.279,19.163,2621.762,13.795
62.542,19.149,2622.127,14.318
63.807,19.136,2622.493,14.851
65.072,19.122,2622.858,15.395
66.339,19.109,2623.223,15.965
67.606,19.095,2623.503,16.545
68.873,19.082,2623.076,17.135
70.141,19.069,2622.491,17.735
71.409,19.055,2621.907,18.344
72.678,19.042,2621.323,18.936
73.947,19.028,2620.738,19.538
75.216,19.015,2620.154,20.151
76.485,19.001,2619.57,20.775
77.755,18.988,2618.986,21.41
79.025,18.975,2618.401,22.03
80.295,18.961,2617.817,22.665
81.566,18.948,2617.233,23.316
82.836,18.934,2616.648,23.982
84.107,18.921,2616.064,24.666
85.378,18.908,2615.48,25.402
86.65,18.894,2614.896,26.15
87.921,18.881,2614.311,26.91
89.193,18.867,2613.727,27.683
90.464,18.854,2613.143,28.468
91.736,18.84,2612.558,29.268
93.008,18.827,2611.974,30.08
94.28,18.814,2611.39,30.905
95.552,18.8,2610.805,31.744
96.824,18.787,2610.221,32.596
98.096,18.773,2609.637,33.453
99.368,18.76,2609.053,34.326
100.64,18.747,2608.468,35.216
101.911,18.733,2607.884,36.122
103.183,18.72,2607.3,37.044
104.455,18.706,2606.715,37.985
105.726,18.693,2606.131,38.941
106.997,18.68,2605.547,39.911
108.268,18.666,2604.963,40.896
109.539,18.653,2604.378,41.895
110.81,18.639,2603.794,42.91
112.08,18.626,2603.21,43.94
113.351,18.612,2602.625,44.986
114.621,18.599,2602.041,46.046
115.89,18.586,2601.457,47.12
117.159,18.572,2600.873,48.208
118.429,18.559,2600.288,49.309
119.697,18.545,2599.704,50.423
120.966,18.532,2599.12,51.55
122.234,18.519,2598.535,52.691
123.501,18.505,2597.951,53.861
124.769,18.492,2597.367,55.047
126.036,18.478,2596.783,56.246
127.302,18.465,2596.198,57.457
128.568,18.451,2595.614,58.679
129.834,18.438,2595.03,59.875
131.1,18.425,2594.445,61.08
132.365,18.411,2593.861,62.294
133.63,18.398,2593.277,63.517
134.896,18.384,2592.693,64.749
136.161,18.371,2592.108,66.011
137.426,18.358,2591.524,67.281
138.691,18.344,2590.94,68.56
139.956,18.331,2590.355,69.846
141.221,18.317,2589.771,71.141
142.486,18.304,2589.187,72.451
143.751,18.291,2588.603,73.768
145.016,18.277,2588.018,75.094
146.281,18.264,2587.434,76.428
147.547,18.25,2586.85,77.77
148.812,18.237,2586.265,79.102
150.078,18.223,2585.681,80.449
151.344,18.21,2585.097,81.81
152.611,18.197,2584.513,83.188
153.878,18.183,2583.928,84.584
155.146,18.17,2583.344,86
156.414,18.156,2582.76,87.435
157.682,18.143,2582.175,88.89
158.951,18.13,2581.591,90.366
160.22,18.116,2581.007,91.863
161.49,18.103,2580.423,93.374
162.76,18.089,2579.838,94.903
164.03,18.076,2579.254,96.45
165.3,18.062,2578.67,98.015
166.57,18.049,2578.085,99.6
167.841,18.036,2577.501,101.24
169.112,18.022,2576.917,102.909
170.384,18.009,2576.333,104.604
171.655,17.995,2575.702,106.325
172.926,17.982,2574.438,108.066
174.197,17.969,2572.974,109.766
175.467,17.956,2571.509,111.477
176.737,17.943,2570.045,113.199
178.006,17.93,2568.581,114.93
179.275,17.916,2567.116,116.67
180.543,17.903,2565.652,118.439
181.81,17.89,2564.188,120.216
183.076,17.877,2562.723,122
184.342,17.864,2561.259,123.792
185.607,17.85,2559.795,125.59
186.871,17.837,2558.33,127.408
188.134,17.824,2556.866,129.233
189.397,17.811,2555.402,131.066
190.658,17.798,2553.937,132.907
191.918,17.784,2552.473,134.757
193.178,17.771,2551.009,136.621
194.436,17.758,2549.544,138.497
195.693,17.745,2548.08,140.386
196.949,17.732,2546.616,142.29
198.204,17.718,2545.151,144.211
199.457,17.705,2543.687,146.131
200.709,17.692,2542.223,148.075
201.96,17.679,2540.758,150.046
203.209,17.666,2539.286,152.045
204.456,17.653,2537.15,154.071
205.701,17.64,2534.598,156.119
206.944,17.627,2532.046,158.197
208.184,17.614,2529.493,160.302
209.422,17.601,2526.941,162.434
210.657,17.588,2524.389,164.587
211.891,17.576,2521.837,166.755
213.122,17.563,2519.285,168.936
214.351,17.55,2516.733,171.127
215.577,17.537,2514.18,173.327
216.802,17.524,2511.628,175.533
218.025,17.511,2509.076,177.747
219.246,17.498,2506.524,179.967
220.465,17.485,2503.972,182.191
221.682,17.473,2501.42,184.419
222.898,17.46,2498.867,186.652
224.112,17.447,2496.315,188.888
225.325,17.434,2493.763,191.138
226.537,17.421,2491.211,193.404
227.748,17.408,2488.659,195.691
228.957,17.395,2486.107,198.001
230.165,17.383,2483.555,200.331
231.372,17.37,2481.002,202.684
232.578,17.357,2478.45,205.064
233.782,17.344,2475.898,207.47
234.985,17.331,2473.346,209.904
236.187,17.318,2470.794,212.362
237.387,17.305,2468.242,214.846
238.586,17.292,2465.689,217.354
239.784,17.28,2463.137,219.885
240.979,17.267,2460.585,222.436
242.174,17.254,2458.033,225.02
243.366,17.241,2455.481,227.621
244.557,17.228,2452.929,230.238
245.746,17.215,2450.371,232.866
246.933,17.203,2447.77,235.506
248.119,17.19,2445.159,238.157
249.302,17.178,2442.548,240.818
250.482,17.165,2439.937,243.49
251.661,17.153,2437.326,246.174
252.837,17.14,2434.715,248.871
254.011,17.128,2432.105,251.57
255.182,17.115,2429.494,254.291
256.35,17.103,2426.883,257.039
257.516,17.09,2424.272,259.816
258.679,17.078,2421.661,262.626
259.839,17.065,2419.05,265.484
260.997,17.053,2416.439,268.374
262.151,17.04,2413.828,271.298
263.302,17.028,2411.217,274.255
264.451,17.015,2408.606,277.244
265.597,17.003,2405.996,280.255
266.739,16.99,2403.385,283.296
267.879,16.978,2400.774,286.364
269.016,16.965,2398.163,289.456
270.15,16.953,2395.521,292.569
271.28,16.941,2392.045,295.704
272.408,16.929,2388.198,298.856
273.532,16.917,2384.352,302.026
274.653,16.905,2380.505,305.218
275.771,16.892,2376.658,308.434
276.887,16.88,2372.811,311.675
277.999,16.868,2368.965,314.948
279.109,16.856,2365.118,318.256
280.215,16.844,2361.271,321.603
281.32,16.832,2357.424,324.995
282.421,16.82,2353.578,328.448
283.519,16.808,2349.731,331.953
284.615,16.796,2345.884,335.51
285.708,16.784,2342.037,339.118
286.798,16.771,2338.191,342.774
287.884,16.759,2334.344,346.427
288.968,16.747,2330.497,350.121
290.047,16.735,2326.65,353.856
291.124,16.723,2322.803,357.633
292.196,16.711,2318.957,361.454
293.265,16.699,2315.11,365.347
294.33,16.687,2311.263,369.291
295.39,16.675,2307.416,373.289
296.447,16.663,2303.57,377.349
297.499,16.65,2299.723,381.474
298.547,16.639,2295.893,385.662
299.591,16.627,2292.292,389.93
300.63,16.615,2288.764,394.285
301.665,16.604,2285.235,398.73
302.695,16.592,2281.707,403.277
303.72,16.58,2278.179,407.242
304.743,16.569,2274.65,409.404
305.762,16.557,2271.122,411.561
306.778,16.546,2267.594,413.713
307.791,16.534,2264.066,415.856
308.802,16.522,2260.537,417.985
309.81,16.511,2257.009,420.105
310.815,16.499,2253.481,422.216
311.818,16.488,2249.952,424.317
312.818,16.476,2246.424,426.411
313.816,16.464,2242.896,428.508
314.812,16.453,2239.367,430.604
315.806,16.441,2235.839,432.703
316.797,16.429,2232.311,434.804
317.787,16.418,2228.782,436.908
318.774,16.406,2225.254,439.002
319.76,16.395,2221.726,441.094
320.743,16.383,2218.197,443.183
321.723,16.371,2214.669,445.266
322.701,16.36,2211.141,447.342
323.677,16.348,2207.61,449.388
324.65,16.337,2204.032,451.425
325.62,16.326,2200.432,453.456
326.587,16.314,2196.832,455.48
327.551,16.303,2193.232,457.501
328.512,16.292,2189.632,459.525
329.47,16.281,2186.032,461.547
330.425,16.269,2182.432,463.566
331.377,16.258,2178.832,465.583
332.325,16.247,2175.232,467.598
333.271,16.236,2171.632,469.603
334.213,16.224,2168.032,471.605
335.153,16.213,2164.432,473.6
336.089,16.202,2159.277,475.586
337.019,16.191,2152.052,479.159
337.942,16.18,2144.816,485.998
338.858,16.169,2137.581,492.828
339.766,16.158,2130.345,499.648
340.666,16.147,2123.11,506.459
341.559,16.136,2115.875,513.262
342.444,16.125,2108.639,520.068
343.322,16.114,2101.404,526.865
344.192,16.103,2094.168,532.315
345.055,16.093,2086.292,537.74
345.91,16.082,2076.712,543.142
346.756,16.072,2067.039,548.506
347.594,16.061,2057.366,553.841
348.423,16.051,2047.693,559.147
349.244,16.04,2038.02,564.422
350.055,16.03,2028.347,569.512
350.858,16.019,2018.674,573.568
351.653,16.008,2009.001,577.603
352.439,15.998,1999.328,581.618
353.216,15.988,1988.201,585.608
353.976,15.978,1965.084,589.531
354.718,15.968,1939.304,593.373
355.441,15.958,1913.524,597.134
356.147,15.949,1887.745,600.812
356.834,15.939,1861.965,604.048
357.503,15.929,1836.185,606.684
358.156,15.919,1810.362,609.289
358.789,15.911,1781.17,611.819
359.402,15.902,1749.86,614.269
359.995,15.893,1718.551,616.642
360.568,15.884,1687.241,618.936
361.12,15.876,1655.932,621.119
361.652,15.867,1624.623,623.219
362.164,15.859,1594.931,625.238
362.663,15.851,1574.038,627.199
363.149,15.844,1554.47,628.987
363.621,15.836,1534.902,630.275
364.081,15.829,1515.333,631.521
364.527,15.821,1495.765,632.726
364.961,15.813,1476.196,633.89
365.381,15.806,1456.628,635.014
365.789,15.798,1437.06,636.092
366.183,15.791,1417.491,637.131
366.564,15.783,1397.923,638.131
366.932,15.776,1378.354,639.091
367.287,15.768,1358.786,640.009
367.629,15.761,1339.065,640.879
367.957,15.755,1317.272,641.701
368.27,15.749,1294.822,642.474
368.569,15.743,1272.372,643.196
368.854,15.737,1249.922,643.87
369.124,15.731,1227.472,644.485
369.38,15.725,1205.023,645.053
369.622,15.719,1182.573,645.501
369.85,15.712,1160.123,645.806
370.063,15.706,1137.673,646.076
370.263,15.7,1115.223,646.335
370.449,15.694,1092.773,646.562
370.621,15.688,1070.323,646.753
370.779,15.682,1047.874,646.908
370.924,15.676,1025.424,647.024
371.054,15.672,1003.192,647.095
371.17,15.667,981.158,647.126
371.272,15.663,959.124,647.119
371.36,15.658,937.09,647.075
371.433,15.654,915.056,646.996
371.492,15.649,893.022,646.881
371.537,15.645,870.988,646.736
371.568,15.641,848.954,646.559
371.584,15.636,826.92,646.351
371.586,15.632,804.886,646.109
371.574,15.627,782.852,645.832
371.548,15.623,760.818,645.518
371.508,15.618,738.784,645.165
371.454,15.614,716.845,644.775
371.391,15.611,702.351,644.359
371.323,15.607,692.534,643.929
371.249,15.604,682.716,643.485
371.169,15.601,672.898,643.029
371.084,15.597,663.081,642.561
370.993,15.594,653.263,642.082
370.897,15.59,643.446,641.604
370.795,15.587,633.628,641.114
370.687,15.584,623.811,640.61
370.574,15.58,613.993,640.09
370.455,15.577,604.118,639.551
370.329,15.574,592.712,638.987
370.196,15.572,580.624,638.401
370.055,15.569,568.536,637.794
369.906,15.566,556.448,637.17
369.75,15.563,544.36,636.528
369.585,15.561,532.272,635.848
369.413,15.558,520.184,635.16
369.233,15.555,508.096,634.462
369.045,15.552,496.008,633.749
368.85,15.55,483.92,633.008
368.647,15.547,471.832,632.157
368.437,15.545,460.798,631.283
368.225,15.542,453.728,630.396
368.008,15.54,447.037,629.501
367.789,15.538,440.346,628.597
367.566,15.536,433.656,627.647
367.34,15.534,426.965,626.686
367.11,15.532,420.274,625.716
366.876,15.53,413.583,624.736
366.639,15.528,406.893,623.745
366.399,15.526,400.202,622.753
366.155,15.524,393.511,621.76
365.907,15.522,386.82,620.76
365.656,15.52,380.129,619.747
365.401,15.518,373.439,618.724
365.142,15.516,366.748,617.703
364.88,15.514,360.057,616.671
364.614,15.511,353.366,615.628
364.344,15.509,346.676,614.575
364.07,15.508,339.553,613.511
363.79,15.506,328.87,612.43
363.503,15.505,317.397,611.33
363.209,15.503,305.924,610.211
362.908,15.502,294.451,609.074
362.601,15.501,282.978,607.918
362.286,15.499,271.504,606.737
361.965,15.498,260.031,605.536
361.638,15.496,248.558,604.317
361.303,15.495,237.085,602.753
360.963,15.494,225.612,601.149
360.616,15.492,214.138,599.494
360.262,15.491,202.413,597.816
359.901,15.49,189.318,596.109
359.533,15.49,176.017,594.375
359.157,15.489,162.716,592.614
358.775,15.488,149.414,590.865
358.385,15.487,136.113,589.094
357.988,15.487,122.812,587.298
357.584,15.486,109.511,585.479
357.173,15.485,96.209,583.635
356.756,15.485,84.81,581.76
356.334,15.485,75.941,579.869
355.908,15.484,67.085,577.962
355.478,15.484,58.229,576.04
355.043,15.484,49.373,574.103
354.603,15.484,40.517,572.122
354.159,15.484,31.661,569.647
353.711,15.483,22.804,567.16
353.258,15.483,13.948,564.661
352.801,15.483,5.092,562.151
352.755,15.483,0.249,561.898
352.686,15.483,0,561.519
352.582,15.483,0,560.95
352.428,15.483,0,560.1
352.196,15.483,0,558.828
351.848,15.483,0,556.929
351.392,15.483,0,554.443
350.937,15.483,0,551.972
350.483,15.483,0,549.518
350.031,15.483,0,547.089
349.581,15.483,0,544.674
349.133,15.483,0,542.273
348.686,15.483,0,539.888
348.241,15.483,0,537.519
347.798,15.483,0,535.156
347.356,15.483,0,532.407
346.917,15.483,0,529.524
346.48,15.483,0,526.665
346.044,15.483,0,523.826
345.611,15.483,0,520.994
345.18,15.483,0,518.183
344.75,15.483,0,515.393
344.322,15.483,0,512.624
343.896,15.483,0,509.873
343.472,15.483,0,507.136
343.049,15.483,0,504.42
342.628,15.483,0,501.725
342.208,15.483,0,499.051
341.79,15.483,0,496.402
341.374,15.483,0,493.807
340.959,15.483,0,491.232
340.546,15.483,0,488.366
340.134,15.483,0,485.275
339.725,15.483,0,482.205
339.318,15.483,0,479.112
338.912,15.483,0,476.045
338.508,15.483,0,473.005
338.107,15.483,0,469.99
337.707,15.483,0,467.008
337.309,15.483,0,464.122
336.913,15.483,0,461.262
336.519,15.483,0,458.427
336.128,15.483,0,455.617
335.738,15.483,0,452.83
335.35,15.483,0,450.056
334.965,15.483,0,447.305
334.581,15.483,0,444.575
334.199,15.483,0,441.866
333.818,15.483,0,439.182
333.439,15.483,0,438.135
333.061,15.483,0,437.193
332.683,15.483,0,436.254
332.305,15.483,0,435.316
331.928,15.483,0,434.375
331.552,15.483,0,433.385
331.175,15.483,0,432.408
330.798,15.483,0,431.442
330.421,15.483,0,430.483
330.044,15.483,0,429.529
329.668,15.483,0,428.589
329.292,15.483,0,427.645
328.918,15.483,0,426.7
328.544,15.483,0,425.756
328.171,15.483,0,424.815
327.799,15.483,0,423.883
327.429,15.483,0,422.959
327.059,15.483,0,422.044
326.691,15.483,0,421.137
326.323,15.483,0,420.235
325.956,15.483,0,419.326
325.591,15.483,0,418.417
325.226,15.483,0,417.507
324.861,15.483,0,416.597
324.497,15.483,0,415.685
324.134,15.483,0,414.775
323.771,15.483,0,413.865
323.409,15.483,0,412.956
323.046,15.483,0,412.049
322.684,15.483,0,411.148
322.323,15.483,0,410.26
321.961,15.483,0,409.376
321.6,15.483,0,408.496
321.24,15.483,0,407.62
320.879,15.483,0,406.749
320.519,15.483,0,405.892
320.16,15.483,0,405.036
319.801,15.483,0,404.182
319.443,15.483,0,403.329
319.085,15.483,0,402.477
318.728,15.483,0,401.616
318.371,15.483,0,400.757
318.015,15.483,0,399.9
317.66,15.483,0,399.044
317.305,15.483,0,398.189
316.951,15.483,0,397.323
316.597,15.483,0,396.459
316.244,15.483,0,395.596
315.892,15.483,0,394.736
315.54,15.483,0,393.877
315.188,15.483,0,393.017
314.838,15.483,0,392.16
314.488,15.483,0,391.305
314.138,15.483,0,390.452
313.789,15.483,0,389.602
313.441,15.483,0,388.762
313.094,15.483,0,387.925
312.747,15.483,0,387.09
312.401,15.483,0,386.258
312.055,15.483,0,385.429
311.71,15.483,0,384.62
311.366,15.483,0,383.813
311.023,15.483,0,383.007
310.68,15.483,0,382.204
310.337,15.483,0,381.409
309.996,15.483,0,380.626
309.654,15.483,0,379.844
309.314,15.483,0,379.062
308.974,15.483,0,378.28
308.634,15.483,0,377.495
308.294,15.483,0,376.691
307.955,15.483,0,375.891
307.616,15.483,0,375.097
307.277,15.483,0,374.309
306.938,15.483,0,373.525
306.599,15.483,0,372.733
306.261,15.483,0,371.947
305.922,15.483,0,371.164
305.584,15.483,0,370.38
305.246,15.483,0,369.596
304.908,15.483,0,368.818
304.571,15.483,0,368.038
304.235,15.483,0,367.258
303.9,15.483,0,366.479
303.566,15.483,0,365.705
303.232,15.483,0,364.941
302.9,15.483,0,364.185
302.568,15.483,0,363.437
302.237,15.483,0,362.696
301.908,15.483,0,361.957
301.579,15.483,0,361.186
301.25,15.483,0,360.416
300.922,15.483,0,359.645
300.594,15.483,0,358.875
300.267,15.483,0,358.105
299.94,15.483,0,357.34
299.614,15.483,0,356.576
299.288,15.483,0,355.814
298.962,15.483,0,354.453
298.637,15.483,0,353.022
298.313,15.483,0,351.59
297.989,15.483,0,350.174
297.666,15.483,0,348.776
297.344,15.483,0,347.393
297.022,15.483,0,346.03
296.701,15.483,0,344.722
296.381,15.483,0,343.425
296.062,15.483,0,342.139
295.744,15.483,0,340.865
295.427,15.483,0,339.601
295.11,15.483,0,338.33
294.795,15.483,0,337.07
294.48,15.483,0,335.822
294.167,15.483,0,334.584
293.854,15.483,0,333.353
293.542,15.483,0,332.092
293.231,15.483,0,330.843
292.921,15.483,0,329.605
292.611,15.483,0,328.377
292.302,15.483,0,327.164
291.994,15.483,0,325.992
291.686,15.483,0,324.831
291.38,15.483,0,323.68
291.074,15.483,0,322.538
290.769,15.483,0,321.406
290.465,15.483,0,320.282
290.162,15.483,0,319.167
289.86,15.483,0,318.061
289.559,15.483,0,316.963
289.258,15.483,0,315.877
288.958,15.483,0,314.831
288.659,15.483,0,313.793
288.36,15.483,0,312.762
288.063,15.483,0,311.738
287.766,15.483,0,310.716
287.469,15.483,0,309.678
287.174,15.483,0,308.646
286.878,15.483,0,307.621
286.584,15.483,0,306.604
286.289,15.483,0,305.601
285.996,15.483,0,304.655
285.703,15.483,0,303.715
285.41,15.483,0,302.782
285.118,15.483,0,301.855
284.827,15.483,0,300.924
284.536,15.483,0,299.92
284.246,15.483,0,298.93
283.955,15.483,0,297.951
283.665,15.483,0,296.983
283.375,15.483,0,296.026
283.085,15.483,0,295.096
282.796,15.483,0,294.168
282.508,15.483,0,293.243
282.22,15.483,0,292.321
281.933,15.483,0,291.4
281.646,15.483,0,290.466
281.36,15.483,0,289.535
281.075,15.483,0,288.608
280.79,15.483,0,287.686
280.507,15.483,0,286.77
280.224,15.483,0,285.872
279.942,15.483,0,284.982
279.661,15.483,0,284.1
279.38,15.483,0,283.228
279.101,15.483,0,282.362
278.823,15.483,0,281.493
278.545,15.483,0,280.63
278.268,15.483,0,279.772
277.991,15.483,0,278.918
277.716,15.483,0,278.071
277.44,15.483,0,277.256
277.166,15.483,0,276.444
276.892,15.483,0,275.634
276.619,15.483,0,274.825
276.346,15.483,0,274.018
276.074,15.483,0,273.215
275.802,15.483,0,272.414
275.531,15.483,0,271.615
275.26,15.483,0,270.819
274.989,15.483,0,270.028
274.719,15.483,0,269.243
274.449,15.483,0,268.463
274.179,15.483,0,267.69
273.909,15.483,0,266.924
273.64,15.483,0,266.16
273.371,15.483,0,265.372
273.101,15.483,0,264.595
272.832,15.483,0,263.826
272.563,15.483,0,263.063
272.294,15.483,0,262.304
272.025,15.483,0,261.55
271.757,15.483,0,260.795
271.489,15.483,0,260.038
271.222,15.483,0,259.279
270.955,15.483,0,258.518
270.689,15.483,0,257.759
270.423,15.483,0,257.001
270.159,15.483,0,256.246
269.895,15.483,0,255.497
269.632,15.483,0,254.755
269.37,15.483,0,254.037
269.109,15.483,0,253.33
268.848,15.483,0,252.635
268.589,15.483,0,251.95
268.33,15.483,0,251.274
268.073,15.483,0,250.607
267.816,15.483,0,249.944
267.559,15.483,0,249.283
267.304,15.483,0,248.62
267.049,15.483,0,247.957
266.794,15.483,0,247.308
266.54,15.483,0,246.655
266.286,15.483,0,245.997
266.033,15.483,0,245.335
265.78,15.483,0,244.667
265.527,15.483,0,243.977
265.275,15.483,0,243.291
265.022,15.483,0,242.611
264.77,15.483,0,241.939
264.517,15.483,0,241.275
264.265,15.483,0,240.607
264.012,15.483,0,239.953
263.759,15.483,0,239.313
263.506,15.483,0,238.684
263.253,15.483,0,238.064
263,15.483,0,237.461
262.747,15.483,0,236.855
262.494,15.483,0,236.248
262.242,15.483,0,235.636
261.99,15.483,0,235.021
261.739,15.483,0,234.399
261.488,15.483,0,233.775
261.237,15.483,0,233.149
260.988,15.483,0,232.524
260.739,15.483,0,231.899
260.49,15.483,0,231.27
260.243,15.483,0,230.645
259.996,15.483,0,230.025
259.75,15.483,0,229.41
259.504,15.483,0,228.801
259.259,15.483,0,228.2
259.015,15.483,0,227.606
258.772,15.483,0,227.017
258.529,15.483,0,226.433
258.287,15.483,0,225.853
258.045,15.483,0,225.286
257.804,15.483,0,224.721
257.564,15.483,0,224.156
257.324,15.483,0,223.591
257.084,15.483,0,223.027
256.845,15.483,0,222.471
256.607,15.483,0,221.914
256.368,15.483,0,221.354
256.13,15.483,0,220.794
255.893,15.483,0,220.231
255.655,15.483,0,219.654
255.418,15.483,0,219.081
255.18,15.483,0,218.511
254.943,15.483,0,217.946
254.706,15.483,0,217.389
254.469,15.483,0,216.848
254.232,15.483,0,216.312
253.995,15.483,0,215.781
253.758,15.483,0,215.254
253.521,15.483,0,214.729
253.284,15.483,0,214.194
253.048,15.483,0,213.662
252.811,15.483,0,213.134
252.574,15.483,0,212.606
252.338,15.483,0,212.078
252.102,15.483,0,211.551
251.866,15.483,0,211.022
251.63,15.483,0,210.49
251.395,15.483,0,209.957
251.16,15.483,0,209.423
250.926,15.483,0,208.896
250.692,15.483,0,208.372
250.459,15.483,0,207.851
250.227,15.483,0,207.335
249.995,15.483,0,206.824
249.764,15.483,0,206.31
249.534,15.483,0,205.801
249.304,15.483,0,205.297
249.075,15.483,0,204.798
248.847,15.483,0,204.302
248.619,15.483,0,203.798
248.391,15.483,0,203.295
248.164,15.483,0,202.794
247.938,15.483,0,202.294
247.711,15.483,0,201.793
247.485,15.483,0,201.289
247.26,15.483,0,200.785
247.034,15.483,0,200.282
246.809,15.483,0,199.778
246.584,15.483,0,199.278
246.36,15.483,0,198.791
246.135,15.483,0,198.306
245.911,15.483,0,197.822
245.687,15.483,0,197.339
245.463,15.483,0,196.856
245.239,15.483,0,196.353
245.016,15.483,0,195.856
244.792,15.483,0,195.363
244.568,15.483,0,194.876
244.345,15.483,0,194.394
244.121,15.483,0,193.927
243.898,15.483,0,193.462
243.675,15.483,0,192.997
243.452,15.483,0,192.533
243.229,15.483,0,192.07
243.006,15.483,0,191.602
242.784,15.483,0,191.135
242.562,15.483,0,190.668
242.341,15.483,0,190.201
242.12,15.483,0,189.734
241.899,15.483,0,189.267
241.678,15.483,0,188.801
241.458,15.483,0,188.336
241.238,15.483,0,187.873
241.019,15.483,0,187.412
240.8,15.483,0,186.96
240.582,15.483,0,186.511
240.365,15.483,0,186.065
240.147,15.483,0,185.623
239.931,15.483,0,185.186
239.714,15.483,0,184.769
239.499,15.483,0,184.357
239.284,15.483,0,183.947
239.069,15.483,0,183.54
238.855,15.483,0,183.136
238.641,15.483,0,182.743
238.428,15.483,0,182.35
238.215,15.483,0,181.955
238.002,15.483,0,181.559
237.79,15.483,0,181.157
237.578,15.483,0,180.733
237.366,15.483,0,180.308
237.154,15.483,0,179.881
236.943,15.483,0,179.455
236.731,15.483,0,179.028
236.52,15.483,0,178.59
236.308,15.483,0,178.157
236.097,15.483,0,177.731
235.885,15.483,0,177.311
235.673,15.483,0,176.898
235.461,15.483,0,176.48
235.249,15.483,0,176.071
235.037,15.483,0,175.669
234.824,15.483,0,175.272
234.612,15.483,0,174.877
234.399,15.483,0,174.492
234.187,15.483,0,174.103
233.975,15.483,0,173.711
233.763,15.483,0,173.316
233.551,15.483,0,172.918
233.34,15.483,0,172.515
233.129,15.483,0,172.109
232.919,15.483,0,171.702
232.709,15.483,0,171.295
232.499,15.483,0,170.888
232.29,15.483,0,170.478
232.082,15.483,0,170.069
231.874,15.483,0,169.663
231.666,15.483,0,169.26
231.459,15.483,0,168.86
231.253,15.483,0,168.468
231.047,15.483,0,168.079
230.841,15.483,0,167.695
230.636,15.483,0,167.315
230.432,15.483,0,166.938
230.228,15.483,0,166.563
230.024,15.483,0,166.19
229.821,15.483,0,165.817
229.618,15.483,0,165.445
229.415,15.483,0,165.071
229.213,15.483,0,164.686
229.011,15.483,0,164.3
228.81,15.483,0,163.914
228.608,15.483,0,163.526
228.407,15.483,0,163.139
228.205,15.483,0,162.756
228.004,15.483,0,162.374
227.803,15.483,0,161.992
227.602,15.483,0,161.612
227.402,15.483,0,161.235
227.201,15.483,0,160.868
227.001,15.483,0,160.504
226.8,15.483,0,160.141
226.6,15.483,0,159.78
226.399,15.483,0,159.419
226.199,15.483,0,159.049
225.999,15.483,0,158.682
225.799,15.483,0,158.318
225.599,15.483,0,157.958
225.398,15.483,0,157.601
225.198,15.483,0,157.259
224.999,15.483,0,156.917
224.799,15.483,0,156.576
224.599,15.483,0,156.235
224.4,15.483,0,155.892
224.201,15.483,0,155.534
224.003,15.483,0,155.176
223.804,15.483,0,154.819
223.605,15.483,0,154.462
223.407,15.483,0,154.105
223.209,15.483,0,153.747
223.011,15.483,0,153.39
222.814,15.483,0,153.032
222.616,15.483,0,152.675
222.419,15.483,0,152.318
222.223,15.483,0,151.967
222.026,15.483,0,151.616
221.831,15.483,0,151.268
221.635,15.483,0,150.922
221.44,15.483,0,150.579
221.245,15.483,0,150.241
221.051,15.483,0,149.906
220.857,15.483,0,149.574
220.664,15.483,0,149.245
220.471,15.483,0,148.919
220.278,15.483,0,148.611
220.086,15.483,0,148.305
219.894,15.483,0,148.002
219.702,15.483,0,147.699
219.511,15.483,0,147.397
219.32,15.483,0,147.101
219.13,15.483,0,146.803
218.94,15.483,0,146.503
218.75,15.483,0,146.201
218.56,15.483,0,145.897
218.371,15.483,0,145.592
218.181,15.483,0,145.284
217.992,15.483,0,144.974
217.803,15.483,0,144.662
217.614,15.483,0,144.347
217.425,15.483,0,144.012
217.236,15.483,0,143.68
217.047,15.483,0,143.352
216.858,15.483,0,143.029
216.669,15.483,0,142.711
216.48,15.483,0,142.406
216.291,15.483,0,142.104
216.101,15.483,0,141.807
215.912,15.483,0,141.514
215.722,15.483,0,141.223
215.533,15.483,0,140.926
215.343,15.483,0,140.633
215.153,15.483,0,140.343
214.963,15.483,0,140.054
214.773,15.483,0,139.764
214.583,15.483,0,139.472
214.392,15.483,0,139.177
214.202,15.483,0,138.881
214.012,15.483,0,138.58
213.822,15.483,0,138.275
213.632,15.483,0,137.964
213.443,15.483,0,137.649
213.253,15.483,0,137.331
213.065,15.483,0,137.011
212.876,15.483,0,136.689
212.689,15.483,0,136.365
212.501,15.483,0,136.042
212.315,15.483,0,135.721
212.128,15.483,0,135.402
211.942,15.483,0,135.087
211.757,15.483,0,134.778
211.572,15.483,0,134.475
211.388,15.483,0,134.177
211.204,15.483,0,133.885
211.021,15.483,0,133.598
210.838,15.483,0,133.316
210.655,15.483,0,133.038
210.473,15.483,0,132.763
210.292,15.483,0,132.489
210.11,15.483,0,132.219
209.929,15.483,0,131.972
209.749,15.483,0,131.725
209.568,15.483,0,131.476
209.389,15.483,0,131.225
209.209,15.483,0,130.969
209.03,15.483,0,130.704
208.85,15.483,0,130.434
208.671,15.483,0,130.159
208.492,15.483,0,129.878
208.314,15.483,0,129.592
208.135,15.483,0,129.299
207.956,15.483,0,129.003
207.778,15.483,0,128.706
207.599,15.483,0,128.41
207.42,15.483,0,128.115
207.242,15.483,0,127.824
207.063,15.483,0,127.537
206.884,15.483,0,127.255
206.705,15.483,0,126.978
206.526,15.483,0,126.709
206.347,15.483,0,126.447
206.167,15.483,0,126.191
205.988,15.483,0,125.94
205.808,15.483,0,125.692
205.628,15.483,0,125.448
205.448,15.483,0,125.209
205.268,15.483,0,124.969
205.089,15.483,0,124.73
204.909,15.483,0,124.489
204.729,15.483,0,124.246
204.549,15.483,0,123.997
204.369,15.483,0,123.747
204.19,15.483,0,123.494
204.01,15.483,0,123.238
203.83,15.483,0,122.98
203.651,15.483,0,122.72
203.472,15.483,0,122.457
203.293,15.483,0,122.193
203.115,15.483,0,121.928
202.937,15.483,0,121.663
202.759,15.483,0,121.394
202.582,15.483,0,121.126
202.405,15.483,0,120.859
202.228,15.483,0,120.593
202.052,15.483,0,120.329
201.876,15.483,0,120.071
201.701,15.483,0,119.817
201.526,15.483,0,119.567
201.351,15.483,0,119.32
201.177,15.483,0,119.077
201.004,15.483,0,118.834
200.83,15.483,0,118.592
200.657,15.483,0,118.353
200.485,15.483,0,118.115
200.312,15.483,0,117.879
200.14,15.483,0,117.649
199.968,15.483,0,117.419
199.797,15.483,0,117.189
199.626,15.483,0,116.958
199.455,15.483,0,116.724
199.284,15.483,0,116.481
199.113,15.483,0,116.236
198.943,15.483,0,115.989
198.772,15.483,0,115.741
198.602,15.483,0,115.491
198.431,15.483,0,115.232
198.261,15.483,0,114.974
198.091,15.483,0,114.717
197.921,15.483,0,114.461
197.75,15.483,0,114.208
197.58,15.483,0,113.972
197.41,15.483,0,113.738
197.24,15.483,0,113.504
197.069,15.483,0,113.272
196.899,15.483,0,113.039
196.729,15.483,0,112.791
196.558,15.483,0,112.548
196.388,15.483,0,112.309
196.217,15.483,0,112.074
196.047,15.483,0,111.842
195.876,15.483,0,111.618
195.705,15.483,0,111.394
195.534,15.483,0,111.17
195.363,15.483,0,110.946
195.193,15.483,0,110.72
195.022,15.483,0,110.487
194.851,15.483,0,110.254
194.68,15.483,0,110.021
194.509,15.483,0,109.785
194.338,15.483,0,109.548
194.168,15.483,0,109.31
193.997,15.483,0,109.071
193.827,15.483,0,108.832
193.658,15.483,0,108.592
193.488,15.483,0,108.353
193.32,15.483,0,108.115
193.151,15.483,0,107.879
192.983,15.483,0,107.645
192.815,15.483,0,107.415
192.648,15.483,0,107.187
192.481,15.483,0,106.949
192.315,15.483,0,106.712
192.148,15.483,0,106.476
191.982,15.483,0,106.242
191.816,15.483,0,106.012
191.651,15.483,0,105.802
191.486,15.483,0,105.596
191.321,15.483,0,105.393
191.157,15.483,0,105.193
190.992,15.483,0,104.991
190.828,15.483,0,104.763
190.665,15.483,0,104.534
190.501,15.483,0,104.304
190.338,15.483,0,104.073
190.174,15.483,0,103.846
190.011,15.483,0,103.652
189.848,15.483,0,103.458
189.686,15.483,0,103.263
189.523,15.483,0,103.066
189.361,15.483,0,102.869
189.199,15.483,0,102.672
189.037,15.483,0,102.473
188.875,15.483,0,102.273
188.713,15.483,0,102.07
188.552,15.483,0,101.862
188.39,15.483,0,101.62
188.228,15.483,0,101.38
188.067,15.483,0,101.143
187.905,15.483,0,100.909
187.743,15.483,0,100.683
187.581,15.483,0,100.481
187.419,15.483,0,100.281
187.257,15.483,0,100.082
187.096,15.483,0,99.884
186.934,15.483,0,99.687
186.772,15.483,0,99.484
186.61,15.483,0,99.284
186.448,15.483,0,99.086
186.286,15.483,0,98.89
186.124,15.483,0,98.695
185.961,15.483,0,98.499
185.799,15.483,0,98.304
185.637,15.483,0,98.11
185.474,15.483,0,97.916
185.312,15.483,0,97.722
185.149,15.483,0,97.527
184.987,15.483,0,97.332
184.824,15.483,0,97.134
184.662,15.483,0,96.935
184.499,15.483,0,96.733
184.337,15.483,0,96.529
184.175,15.483,0,96.323
184.013,15.483,0,96.115
183.852,15.483,0,95.905
183.69,15.483,0,95.694
183.529,15.483,0,95.483
183.368,15.483,0,95.272
183.208,15.483,0,95.062
183.048,15.483,0,94.852
182.888,15.483,0,94.645
182.728,15.483,0,94.437
182.569,15.483,0,94.232
182.41,15.483,0,94.029
182.252,15.483,0,93.828
182.093,15.483,0,93.631
181.936,15.483,0,93.445
181.778,15.483,0,93.263
181.621,15.483,0,93.084
181.464,15.483,0,92.909
181.307,15.483,0,92.737
181.151,15.483,0,92.565
180.995,15.483,0,92.394
180.84,15.483,0,92.224
180.684,15.483,0,92.053
180.529,15.483,0,91.884
180.374,15.483,0,91.732
180.219,15.483,0,91.578
180.065,15.483,0,91.423
179.911,15.483,0,91.265
179.756,15.483,0,91.102
179.602,15.483,0,90.916
179.449,15.483,0,90.727
179.295,15.483,0,90.535
179.141,15.483,0,90.34
178.987,15.483,0,90.144
178.834,15.483,0,89.948
178.68,15.483,0,89.751
178.526,15.483,0,89.555
178.373,15.483,0,89.358
178.219,15.483,0,89.162
178.065,15.483,0,88.961
177.911,15.483,0,88.764
177.757,15.483,0,88.57
177.603,15.483,0,88.381
177.449,15.483,0,88.196
177.295,15.483,0,88.022
177.14,15.483,0,87.851
176.986,15.483,0,87.683
176.831,15.483,0,87.517
176.676,15.483,0,87.354
176.522,15.483,0,87.191
176.367,15.483,0,87.03
176.212,15.483,0,86.87
176.056,15.483,0,86.71
175.901,15.483,0,86.55
175.746,15.483,0,86.39
175.591,15.483,0,86.229
175.435,15.483,0,86.066
175.28,15.483,0,85.902
175.125,15.483,0,85.736
174.969,15.483,0,85.568
174.814,15.483,0,85.398
174.659,15.483,0,85.225
174.504,15.483,0,85.051
174.349,15.483,0,84.875
174.195,15.483,0,84.7
174.041,15.483,0,84.524
173.887,15.483,0,84.349
173.734,15.483,0,84.176
173.581,15.483,0,84.004
173.428,15.483,0,83.825
173.275,15.483,0,83.647
173.123,15.483,0,83.47
172.971,15.483,0,83.294
172.819,15.483,0,83.119
172.667,15.483,0,82.947
172.516,15.483,0,82.776
172.365,15.483,0,82.606
172.214,15.483,0,82.438
172.064,15.483,0,82.271
171.914,15.483,0,82.098
171.763,15.483,0,81.926
171.614,15.483,0,81.754
171.464,15.483,0,81.583
171.314,15.483,0,81.412
171.165,15.483,0,81.24
171.016,15.483,0,81.068
170.867,15.483,0,80.897
170.718,15.483,0,80.727
170.569,15.483,0,80.558
170.42,15.483,0,80.404
170.272,15.483,0,80.251
170.124,15.483,0,80.097
169.975,15.483,0,79.944
169.828,15.483,0,79.79
169.68,15.483,0,79.626
169.532,15.483,0,79.463
169.384,15.483,0,79.298
169.237,15.483,0,79.134
169.09,15.483,0,78.969
168.942,15.483,0,78.811
168.795,15.483,0,78.652
168.648,15.483,0,78.493
168.501,15.483,0,78.334
168.354,15.483,0,78.173
168.207,15.483,0,77.999
168.06,15.483,0,77.827
167.913,15.483,0,77.656
167.765,15.483,0,77.486
167.618,15.483,0,77.317
167.471,15.483,0,77.145
167.324,15.483,0,76.976
167.177,15.483,0,76.809
167.029,15.483,0,76.645
166.882,15.483,0,76.484
166.734,15.483,0,76.336
166.587,15.483,0,76.187
166.439,15.483,0,76.039
166.292,15.483,0,75.891
166.145,15.483,0,75.743
165.998,15.483,0,75.595
165.851,15.483,0,75.447
165.704,15.483,0,75.299
165.557,15.483,0,75.151
165.411,15.483,0,75.004
165.264,15.483,0,74.858
165.118,15.483,0,74.713
164.972,15.483,0,74.569
164.825,15.483,0,74.425
164.68,15.483,0,74.28
164.534,15.483,0,74.127
164.388,15.483,0,73.974
164.243,15.483,0,73.822
164.097,15.483,0,73.669
163.952,15.483,0,73.517
163.806,15.483,0,73.368
163.661,15.483,0,73.22
163.516,15.483,0,73.071
163.371,15.483,0,72.923
163.226,15.483,0,72.776
163.081,15.483,0,72.628
162.937,15.483,0,72.481
162.792,15.483,0,72.334
162.648,15.483,0,72.187
162.504,15.483,0,72.04
162.36,15.483,0,71.881
162.216,15.483,0,71.723
162.072,15.483,0,71.565
161.928,15.483,0,71.408
161.784,15.483,0,71.254
161.64,15.483,0,71.115
161.497,15.483,0,70.978
161.353,15.483,0,70.841
161.21,15.483,0,70.706
161.067,15.483,0,70.571
160.924,15.483,0,70.429
160.781,15.483,0,70.287
160.639,15.483,0,70.146
160.496,15.483,0,70.005
160.354,15.483,0,69.864
160.212,15.483,0,69.714
160.07,15.483,0,69.565
159.928,15.483,0,69.416
159.786,15.483,0,69.267
159.644,15.483,0,69.119
159.502,15.483,0,68.973
159.36,15.483,0,68.827
159.218,15.483,0,68.682
159.076,15.483,0,68.537
158.935,15.483,0,68.394
158.793,15.483,0,68.265
158.652,15.483,0,68.136
158.511,15.483,0,68.008
158.37,15.483,0,67.881
158.229,15.483,0,67.753
158.088,15.483,0,67.618
157.948,15.483,0,67.484
157.807,15.483,0,67.349
157.667,15.483,0,67.215
157.526,15.483,0,67.08
157.386,15.483,0,66.942
157.246,15.483,0,66.804
157.105,15.483,0,66.666
156.965,15.483,0,66.528
156.825,15.483,0,66.391
156.685,15.483,0,66.257
156.545,15.483,0,66.123
156.405,15.483,0,65.989
156.265,15.483,0,65.855
156.125,15.483,0,65.72
155.986,15.483,0,65.57
155.846,15.483,0,65.422
155.706,15.483,0,65.276
155.566,15.483,0,65.132
155.426,15.483,0,64.992
155.285,15.483,0,64.864
155.145,15.483,0,64.737
155.006,15.483,0,64.61
154.866,15.483,0,64.482
154.726,15.483,0,64.356
154.587,15.483,0,64.228
154.447,15.483,0,64.101
154.308,15.483,0,63.975
154.169,15.483,0,63.848
154.03,15.483,0,63.722
153.891,15.483,0,63.59
153.752,15.483,0,63.458
153.613,15.483,0,63.327
153.474,15.483,0,63.196
153.335,15.483,0,63.064
153.197,15.483,0,62.933
153.058,15.483,0,62.801
152.92,15.483,0,62.669
152.782,15.483,0,62.538
152.643,15.483,0,62.407
152.505,15.483,0,62.282
152.367,15.483,0,62.158
152.229,15.483,0,62.033
152.091,15.483,0,61.91
151.954,15.483,0,61.786
151.816,15.483,0,61.658
151.679,15.483,0,61.531
151.542,15.483,0,61.404
151.404,15.483,0,61.277
151.267,15.483,0,61.152
151.13,15.483,0,61.035
150.994,15.483,0,60.92
150.857,15.483,0,60.806
150.721,15.483,0,60.692
150.584,15.483,0,60.579
150.448,15.483,0,60.46
150.312,15.483,0,60.341
150.176,15.483,0,60.223
150.041,15.483,0,60.105
149.905,15.483,0,59.987
149.769,15.483,0,59.872
149.634,15.483,0,59.757
149.499,15.483,0,59.642
149.363,15.483,0,59.528
149.228,15.483,0,59.412
149.093,15.483,0,59.292
148.958,15.483,0,59.172
148.823,15.483,0,59.052
148.688,15.483,0,58.932
148.553,15.483,0,58.813
148.419,15.483,0,58.701
148.284,15.483,0,58.589
148.149,15.483,0,58.477
148.015,15.483,0,58.365
147.88,15.483,0,58.254
147.746,15.483,0,58.143
147.612,15.483,0,58.033
147.477,15.483,0,57.923
147.343,15.483,0,57.813
147.209,15.483,0,57.701
147.075,15.483,0,57.569
146.941,15.483,0,57.438
146.806,15.483,0,57.31
146.672,15.483,0,57.183
146.537,15.483,0,57.061
146.403,15.483,0,56.955
146.268,15.483,0,56.849
146.134,15.483,0,56.743
146,15.483,0,56.638
145.865,15.483,0,56.53
145.731,15.483,0,56.406
145.597,15.483,0,56.284
145.462,15.483,0,56.164
145.328,15.483,0,56.046
145.193,15.483,0,55.93
145.058,15.483,0,55.82
144.923,15.483,0,55.709
144.788,15.483,0,55.598
144.654,15.483,0,55.486
144.519,15.483,0,55.374
144.384,15.483,0,55.26
144.249,15.483,0,55.145
144.115,15.483,0,55.03
143.98,15.483,0,54.914
143.845,15.483,0,54.798
143.711,15.483,0,54.682
143.576,15.483,0,54.565
143.442,15.483,0,54.448
143.307,15.483,0,54.331
143.173,15.483,0,54.212
143.039,15.483,0,54.093
142.905,15.483,0,53.973
142.772,15.483,0,53.852
142.638,15.483,0,53.732
142.505,15.483,0,53.611
142.371,15.483,0,53.49
142.238,15.483,0,53.369
142.105,15.483,0,53.248
141.972,15.483,0,53.128
141.84,15.483,0,53.01
141.707,15.483,0,52.909
141.575,15.483,0,52.815
141.444,15.483,0,52.727
141.312,15.483,0,52.646
141.181,15.483,0,52.567
141.051,15.483,0,52.456
140.92,15.483,0,52.346
140.789,15.483,0,52.237
140.659,15.483,0,52.127
140.529,15.483,0,52.019
140.399,15.483,0,51.932
140.269,15.483,0,51.846
140.139,15.483,0,51.76
140.01,15.483,0,51.675
139.88,15.483,0,51.585
139.751,15.483,0,51.459
139.622,15.483,0,51.333
139.493,15.483,0,51.206
139.363,15.483,0,51.079
139.234,15.483,0,50.955
139.105,15.483,0,50.849
138.976,15.483,0,50.742
138.847,15.483,0,50.635
138.718,15.483,0,50.527
138.589,15.483,0,50.418
138.46,15.483,0,50.3
138.331,15.483,0,50.181
138.202,15.483,0,50.064
138.073,15.483,0,49.946
137.943,15.483,0,49.833
137.814,15.483,0,49.741
137.686,15.483,0,49.649
137.557,15.483,0,49.557
137.428,15.483,0,49.465
137.299,15.483,0,49.373
137.171,15.483,0,49.272
137.042,15.483,0,49.171
136.913,15.483,0,49.07
136.785,15.483,0,48.969
136.656,15.483,0,48.868
136.528,15.483,0,48.761
136.399,15.483,0,48.655
136.27,15.483,0,48.55
136.142,15.483,0,48.446
136.013,15.483,0,48.343
135.884,15.483,0,48.242
135.755,15.483,0,48.142
135.626,15.483,0,48.043
135.498,15.483,0,47.945
135.369,15.483,0,47.847
135.24,15.483,0,47.755
135.111,15.483,0,47.662
134.982,15.483,0,47.569
134.853,15.483,0,47.477
134.725,15.483,0,47.384
134.596,15.483,0,47.286
134.467,15.483,0,47.188
134.338,15.483,0,47.091
134.209,15.483,0,46.994
134.08,15.483,0,46.897
133.951,15.483,0,46.799
133.822,15.483,0,46.701
133.693,15.483,0,46.603
133.564,15.483,0,46.506
133.435,15.483,0,46.408
133.306,15.483,0,46.312
133.176,15.483,0,46.215
133.048,15.483,0,46.117
132.919,15.483,0,46.019
132.79,15.483,0,45.92
132.661,15.483,0,45.819
132.533,15.483,0,45.718
132.404,15.483,0,45.616
132.276,15.483,0,45.513
132.147,15.483,0,45.41
132.019,15.483,0,45.309
131.891,15.483,0,45.208
131.763,15.483,0,45.108
131.635,15.483,0,45.008
131.507,15.483,0,44.908
131.38,15.483,0,44.805
131.253,15.483,0,44.701
131.125,15.483,0,44.598
130.998,15.483,0,44.494
130.871,15.483,0,44.391
130.744,15.483,0,44.289
130.618,15.483,0,44.186
130.491,15.483,0,44.085
130.365,15.483,0,43.983
130.238,15.483,0,43.883
130.112,15.483,0,43.79
129.986,15.483,0,43.698
129.86,15.483,0,43.607
129.735,15.483,0,43.518
129.609,15.483,0,43.43
129.484,15.483,0,43.344
129.359,15.483,0,43.259
129.234,15.483,0,43.176
129.109,15.483,0,43.093
128.985,15.483,0,43.012
128.86,15.483,0,42.931
128.736,15.483,0,42.852
128.612,15.483,0,42.773
128.488,15.483,0,42.694
128.364,15.483,0,42.614
128.24,15.483,0,42.526
128.116,15.483,0,42.438
127.992,15.483,0,42.35
127.869,15.483,0,42.261
127.745,15.483,0,42.173
127.622,15.483,0,42.097
127.499,15.483,0,42.022
127.376,15.483,0,41.945
127.252,15.483,0,41.868
127.129,15.483,0,41.79
127.007,15.483,0,41.712
126.884,15.483,0,41.632
126.761,15.483,0,41.552
126.638,15.483,0,41.471
126.516,15.483,0,41.386
126.393,15.483,0,41.281
126.27,15.483,0,41.176
126.148,15.483,0,41.071
126.025,15.483,0,40.966
125.902,15.483,0,40.862
125.779,15.483,0,40.758
125.657,15.483,0,40.656
125.534,15.483,0,40.555
125.411,15.483,0,40.455
125.288,15.483,0,40.358
125.165,15.483,0,40.275
125.041,15.483,0,40.193
124.918,15.483,0,40.111
124.795,15.483,0,40.029
124.672,15.483,0,39.947
124.549,15.483,0,39.852
124.426,15.483,0,39.759
124.303,15.483,0,39.669
124.179,15.483,0,39.581
124.056,15.483,0,39.495
123.932,15.483,0,39.412
123.808,15.483,0,39.331
123.684,15.483,0,39.251
123.56,15.483,0,39.172
123.436,15.483,0,39.093
123.312,15.483,0,39.016
123.188,15.483,0,38.939
123.063,15.483,0,38.862
122.939,15.483,0,38.786
122.814,15.483,0,38.71
122.69,15.483,0,38.632
122.565,15.483,0,38.552
122.441,15.483,0,38.472
122.317,15.483,0,38.392
122.192,15.483,0,38.31
122.068,15.483,0,38.228
121.944,15.483,0,38.146
121.82,15.483,0,38.062
121.696,15.483,0,37.978
121.572,15.483,0,37.893
121.448,15.483,0,37.807
121.324,15.483,0,37.72
121.2,15.483,0,37.633
121.077,15.483,0,37.546
120.953,15.483,0,37.459
120.83,15.483,0,37.373
120.707,15.483,0,37.287
120.584,15.483,0,37.203
120.462,15.483,0,37.12
120.339,15.483,0,37.037
120.217,15.483,0,36.951
120.095,15.483,0,36.865
119.973,15.483,0,36.78
119.851,15.483,0,36.695
119.729,15.483,0,36.611
119.608,15.483,0,36.531
119.486,15.483,0,36.453
119.365,15.483,0,36.376
119.244,15.483,0,36.3
119.123,15.483,0,36.225
119.002,15.483,0,36.149
118.881,15.483,0,36.073
118.761,15.483,0,35.999
118.64,15.483,0,35.925
118.52,15.483,0,35.85
118.4,15.483,0,35.76
118.28,15.483,0,35.67
118.16,15.483,0,35.581
118.04,15.483,0,35.491
117.92,15.483,0,35.404
117.8,15.483,0,35.337
117.68,15.483,0,35.27
117.56,15.483,0,35.204
117.441,15.483,0,35.138
117.321,15.483,0,35.071
117.202,15.483,0,34.989
117.083,15.483,0,34.906
116.964,15.483,0,34.823
116.844,15.483,0,34.74
116.725,15.483,0,34.659
116.606,15.483,0,34.595
116.487,15.483,0,34.532
116.368,15.483,0,34.469
116.249,15.483,0,34.406
116.131,15.483,0,34.343
116.012,15.483,0,34.285
115.894,15.483,0,34.226
115.775,15.483,0,34.167
115.657,15.483,0,34.108
115.539,15.483,0,34.047
115.421,15.483,0,33.975
115.303,15.483,0,33.902
115.185,15.483,0,33.828
115.067,15.483,0,33.754
114.949,15.483,0,33.68
114.831,15.483,0,33.613
114.713,15.483,0,33.545
114.595,15.483,0,33.477
114.478,15.483,0,33.408
114.36,15.483,0,33.337
114.242,15.483,0,33.252
114.124,15.483,0,33.168
114.007,15.483,0,33.084
113.889,15.483,0,33
113.771,15.483,0,32.917
113.653,15.483,0,32.833
113.535,15.483,0,32.749
113.417,15.483,0,32.667
113.299,15.483,0,32.586
113.18,15.483,0,32.508
113.062,15.483,0,32.445
112.944,15.483,0,32.383
112.826,15.483,0,32.32
112.708,15.483,0,32.258
112.589,15.483,0,32.195
112.471,15.483,0,32.122
112.353,15.483,0,32.049
112.235,15.483,0,31.978
112.116,15.483,0,31.908
111.998,15.483,0,31.839
111.879,15.483,0,31.77
111.761,15.483,0,31.703
111.642,15.483,0,31.636
111.523,15.483,0,31.57
111.405,15.483,0,31.505
111.286,15.483,0,31.441
111.167,15.483,0,31.377
111.048,15.483,0,31.314
110.929,15.483,0,31.25
110.81,15.483,0,31.187
110.69,15.483,0,31.125
110.571,15.483,0,31.062
110.452,15.483,0,30.999
110.333,15.483,0,30.935
110.214,15.483,0,30.871
110.095,15.483,0,30.805
109.976,15.483,0,30.74
109.857,15.483,0,30.674
109.737,15.483,0,30.608
109.618,15.483,0,30.542
109.499,15.483,0,30.474
109.379,15.483,0,30.407
109.26,15.483,0,30.338
109.141,15.483,0,30.269
109.021,15.483,0,30.199
108.902,15.483,0,30.129
108.783,15.483,0,30.057
108.664,15.483,0,29.986
108.545,15.483,0,29.913
108.425,15.483,0,29.84
108.306,15.483,0,29.766
108.187,15.483,0,29.691
108.069,15.483,0,29.616
107.95,15.483,0,29.54
107.831,15.483,0,29.463
107.712,15.483,0,29.385
107.594,15.483,0,29.308
107.476,15.483,0,29.233
107.358,15.483,0,29.16
107.241,15.483,0,29.088
107.123,15.483,0,29.014
107.006,15.483,0,28.942
106.889,15.483,0,28.871
106.772,15.483,0,28.801
106.655,15.483,0,28.732
106.539,15.483,0,28.663
106.422,15.483,0,28.595
106.306,15.483,0,28.528
106.19,15.483,0,28.462
106.074,15.483,0,28.396
105.958,15.483,0,28.321
105.843,15.483,0,28.246
105.727,15.483,0,28.172
105.611,15.483,0,28.097
105.496,15.483,0,28.024
105.38,15.483,0,27.963
105.265,15.483,0,27.903
105.15,15.483,0,27.844
105.035,15.483,0,27.785
104.92,15.483,0,27.727
104.805,15.483,0,27.669
104.69,15.483,0,27.611
104.576,15.483,0,27.554
104.461,15.483,0,27.497
104.347,15.483,0,27.44
104.232,15.483,0,27.382
104.118,15.483,0,27.324
104.004,15.483,0,27.266
103.89,15.483,0,27.207
103.776,15.483,0,27.15
103.662,15.483,0,27.103
103.549,15.483,0,27.056
103.435,15.483,0,27.01
103.322,15.483,0,26.963
103.208,15.483,0,26.916
103.095,15.483,0,26.873
102.982,15.483,0,26.83
102.869,15.483,0,26.786
102.756,15.483,0,26.742
102.643,15.483,0,26.695
102.53,15.483,0,26.632
102.417,15.483,0,26.567
102.304,15.483,0,26.502
102.191,15.483,0,26.436
102.079,15.483,0,26.369
101.966,15.483,0,26.294
101.853,15.483,0,26.219
101.74,15.483,0,26.143
101.628,15.483,0,26.068
101.515,15.483,0,25.994
101.402,15.483,0,25.936
101.289,15.483,0,25.876
101.176,15.483,0,25.817
101.063,15.483,0,25.757
100.951,15.483,0,25.697
100.838,15.483,0,25.63
100.725,15.483,0,25.563
100.612,15.483,0,25.496
100.499,15.483,0,25.43
100.386,15.483,0,25.364
100.273,15.483,0,25.3
100.161,15.483,0,25.236
100.048,15.483,0,25.173
99.935,15.483,0,25.11
99.821,15.483,0,25.047
99.708,15.483,0,24.974
99.595,15.483,0,24.903
99.482,15.483,0,24.834
99.368,15.483,0,24.767
99.255,15.483,0,24.703
99.141,15.483,0,24.648
99.028,15.483,0,24.593
98.914,15.483,0,24.539
98.8,15.483,0,24.485
98.686,15.483,0,24.432
98.572,15.483,0,24.375
98.458,15.483,0,24.319
98.344,15.483,0,24.264
98.23,15.483,0,24.211
98.116,15.483,0,24.159
98.001,15.483,0,24.11
97.887,15.483,0,24.06
97.772,15.483,0,24.011
97.658,15.483,0,23.961
97.543,15.483,0,23.911
97.429,15.483,0,23.861
97.314,15.483,0,23.811
97.2,15.483,0,23.761
97.085,15.483,0,23.71
96.971,15.483,0,23.659
96.856,15.483,0,23.607
96.742,15.483,0,23.555
96.627,15.483,0,23.503
96.512,15.483,0,23.451
96.397,15.483,0,23.398
96.282,15.483,0,23.344
96.168,15.483,0,23.29
96.053,15.483,0,23.235
95.938,15.483,0,23.179
95.823,15.483,0,23.123
95.709,15.483,0,23.067
95.594,15.483,0,23.01
95.479,15.483,0,22.953
95.365,15.483,0,22.895
95.25,15.483,0,22.836
95.136,15.483,0,22.778
95.021,15.483,0,22.719
94.907,15.483,0,22.659
94.793,15.483,0,22.599
94.678,15.483,0,22.538
94.564,15.483,0,22.475
94.45,15.483,0,22.413
94.336,15.483,0,22.351
94.222,15.483,0,22.289
94.109,15.483,0,22.228
93.995,15.483,0,22.168
93.882,15.483,0,22.108
93.769,15.483,0,22.049
93.656,15.483,0,21.991
93.544,15.483,0,21.934
93.431,15.483,0,21.876
93.319,15.483,0,21.819
93.206,15.483,0,21.763
93.094,15.483,0,21.707
92.982,15.483,0,21.653
92.87,15.483,0,21.599
92.759,15.483,0,21.545
92.647,15.483,0,21.493
92.535,15.483,0,21.441
92.424,15.483,0,21.39
92.313,15.483,0,21.34
92.202,15.483,0,21.291
92.091,15.483,0,21.242
91.98,15.483,0,21.195
91.869,15.483,0,21.147
91.758,15.483,0,21.095
91.648,15.483,0,21.043
91.537,15.483,0,20.991
91.427,15.483,0,20.94
91.317,15.483,0,20.889
91.206,15.483,0,20.849
91.096,15.483,0,20.809
90.986,15.483,0,20.769
90.876,15.483,0,20.73
90.766,15.483,0,20.689
90.657,15.483,0,20.635
90.547,15.483,0,20.58
90.437,15.483,0,20.525
90.328,15.483,0,20.469
90.218,15.483,0,20.415
90.109,15.483,0,20.368
89.999,15.483,0,20.32
89.89,15.483,0,20.273
89.78,15.483,0,20.225
89.671,15.483,0,20.177
89.562,15.483,0,20.128
89.452,15.483,0,20.079
89.343,15.483,0,20.029
89.234,15.483,0,19.979
89.125,15.483,0,19.93
89.016,15.483,0,19.887
88.907,15.483,0,19.843
88.798,15.483,0,19.799
88.689,15.483,0,19.755
88.58,15.483,0,19.707
88.471,15.483,0,19.635
88.362,15.483,0,19.562
88.253,15.483,0,19.491
88.144,15.483,0,19.42
88.035,15.483,0,19.354
87.926,15.483,0,19.318
87.817,15.483,0,19.281
87.708,15.483,0,19.245
87.599,15.483,0,19.208
87.49,15.483,0,19.169
87.381,15.483,0,19.111
87.272,15.483,0,19.054
87.164,15.483,0,18.996
87.055,15.483,0,18.939
86.946,15.483,0,18.883
86.837,15.483,0,18.837
86.728,15.483,0,18.791
86.619,15.483,0,18.744
86.51,15.483,0,18.698
86.401,15.483,0,18.651
86.292,15.483,0,18.593
86.183,15.483,0,18.536
86.074,15.483,0,18.479
85.965,15.483,0,18.424
85.856,15.483,0,18.369
85.746,15.483,0,18.319
85.637,15.483,0,18.268
85.528,15.483,0,18.219
85.419,15.483,0,18.17
85.309,15.483,0,18.121
85.2,15.483,0,18.077
85.091,15.483,0,18.032
84.981,15.483,0,17.988
84.872,15.483,0,17.944
84.762,15.483,0,17.9
84.653,15.483,0,17.852
84.544,15.483,0,17.804
84.434,15.483,0,17.757
84.324,15.483,0,17.711
84.215,15.483,0,17.664
84.105,15.483,0,17.615
83.995,15.483,0,17.567
83.885,15.483,0,17.52
83.775,15.483,0,17.475
83.665,15.483,0,17.431
83.555,15.483,0,17.39
83.444,15.483,0,17.349
83.334,15.483,0,17.307
83.224,15.483,0,17.266
83.114,15.483,0,17.224
83.005,15.483,0,17.181
82.895,15.483,0,17.137
82.785,15.483,0,17.093
82.675,15.483,0,17.049
82.565,15.483,0,17.005
82.455,15.483,0,16.96
82.345,15.483,0,16.915
82.235,15.483,0,16.87
82.125,15.483,0,16.825
82.015,15.483,0,16.78
81.905,15.483,0,16.735
81.795,15.483,0,16.69
81.685,15.483,0,16.647
81.576,15.483,0,16.604
81.466,15.483,0,16.561
81.357,15.483,0,16.514
81.247,15.483,0,16.467
81.138,15.483,0,16.42
81.029,15.483,0,16.373
80.919,15.483,0,16.326
80.81,15.483,0,16.28
80.701,15.483,0,16.235
80.591,15.483,0,16.189
80.482,15.483,0,16.144
80.373,15.483,0,16.099
80.264,15.483,0,16.055
80.156,15.483,0,16.011
80.047,15.483,0,15.968
79.938,15.483,0,15.926
79.83,15.483,0,15.883
79.721,15.483,0,15.841
79.613,15.483,0,15.798
79.505,15.483,0,15.756
79.397,15.483,0,15.714
79.289,15.483,0,15.672
79.181,15.483,0,15.621
79.073,15.483,0,15.571
78.965,15.483,0,15.521
78.857,15.483,0,15.471
78.749,15.483,0,15.421
78.641,15.483,0,15.377
78.533,15.483,0,15.334
78.425,15.483,0,15.29
78.317,15.483,0,15.247
78.21,15.483,0,15.204
78.102,15.483,0,15.165
77.995,15.483,0,15.128
77.887,15.483,0,15.09
77.78,15.483,0,15.054
77.673,15.483,0,15.016
77.566,15.483,0,14.969
77.459,15.483,0,14.922
77.351,15.483,0,14.876
77.244,15.483,0,14.829
77.137,15.483,0,14.783
77.03,15.483,0,14.747
76.923,15.483,0,14.711
76.817,15.483,0,14.676
76.71,15.483,0,14.642
76.603,15.483,0,14.607
76.497,15.483,0,14.57
76.39,15.483,0,14.534
76.284,15.483,0,14.498
76.178,15.483,0,14.462
76.071,15.483,0,14.428
75.965,15.483,0,14.402
75.859,15.483,0,14.376
75.753,15.483,0,14.351
75.647,15.483,0,14.327
75.541,15.483,0,14.301
75.436,15.483,0,14.251
75.33,15.483,0,14.201
75.224,15.483,0,14.151
75.118,15.483,0,14.101
75.013,15.483,0,14.053
74.907,15.483,0,14.023
74.801,15.483,0,13.994
74.696,15.483,0,13.964
74.59,15.483,0,13.934
74.485,15.483,0,13.905
74.379,15.483,0,13.876
74.274,15.483,0,13.847
74.169,15.483,0,13.818
74.064,15.483,0,13.788
73.958,15.483,0,13.759
73.853,15.483,0,13.728
73.748,15.483,0,13.697
73.643,15.483,0,13.665
73.538,15.483,0,13.634
73.433,15.483,0,13.601
73.329,15.483,0,13.561
73.224,15.483,0,13.521
73.119,15.483,0,13.481
73.014,15.483,0,13.441
72.909,15.483,0,13.4
72.804,15.483,0,13.356
72.699,15.483,0,13.312
72.594,15.483,0,13.269
72.49,15.483,0,13.225
72.385,15.483,0,13.182
72.28,15.483,0,13.147
72.175,15.483,0,13.111
72.07,15.483,0,13.076
71.965,15.483,0,13.04
71.86,15.483,0,13.004
71.755,15.483,0,12.96
71.651,15.483,0,12.917
71.546,15.483,0,12.874
71.441,15.483,0,12.831
71.336,15.483,0,12.788
71.231,15.483,0,12.744
71.126,15.483,0,12.7
71.021,15.483,0,12.656
70.916,15.483,0,12.613
70.81,15.483,0,12.57
70.705,15.483,0,12.526
70.6,15.483,0,12.483
70.495,15.483,0,12.44
70.389,15.483,0,12.398
70.284,15.483,0,12.356
70.178,15.483,0,12.315
70.073,15.483,0,12.275
69.967,15.483,0,12.235
69.861,15.483,0,12.196
69.756,15.483,0,12.158
69.65,15.483,0,12.128
69.544,15.483,0,12.097
69.439,15.483,0,12.066
69.333,15.483,0,12.036
69.227,15.483,0,12.003
69.121,15.483,0,11.959
69.015,15.483,0,11.917
68.909,15.483,0,11.877
68.803,15.483,0,11.84
68.697,15.483,0,11.805
68.59,15.483,0,11.773
68.484,15.483,0,11.741
68.377,15.483,0,11.709
68.27,15.483,0,11.677
68.164,15.483,0,11.645
68.057,15.483,0,11.614
67.95,15.483,0,11.582
67.844,15.483,0,11.55
67.737,15.483,0,11.518
67.63,15.483,0,11.485
67.523,15.483,0,11.453
67.416,15.483,0,11.421
67.309,15.483,0,11.388
67.202,15.483,0,11.356
67.095,15.483,0,11.323
66.988,15.483,0,11.289
66.881,15.483,0,11.255
66.775,15.483,0,11.22
66.668,15.483,0,11.185
66.561,15.483,0,11.151
66.454,15.483,0,11.117
66.347,15.483,0,11.083
66.241,15.483,0,11.049
66.134,15.483,0,11.015
66.027,15.483,0,10.98
65.92,15.483,0,10.944
65.813,15.483,0,10.908
65.706,15.483,0,10.871
65.599,15.483,0,10.835
65.493,15.483,0,10.798
65.386,15.483,0,10.763
65.279,15.483,0,10.728
65.172,15.483,0,10.694
65.066,15.483,0,10.659
64.959,15.483,0,10.623
64.852,15.483,0,10.583
64.745,15.483,0,10.543
64.639,15.483,0,10.504
64.532,15.483,0,10.464
64.426,15.483,0,10.424
64.319,15.483,0,10.383
64.213,15.483,0,10.344
64.107,15.483,0,10.304
64.001,15.483,0,10.265
63.896,15.483,0,10.227
63.79,15.483,0,10.191
63.685,15.483,0,10.156
63.58,15.483,0,10.123
63.475,15.483,0,10.091
63.37,15.483,0,10.062
63.265,15.483,0,10.03
63.161,15.483,0,10
63.056,15.483,0,9.971
62.952,15.483,0,9.942
62.848,15.483,0,9.915
62.744,15.483,0,9.885
62.64,15.483,0,9.857
62.536,15.483,0,9.828
62.432,15.483,0,9.8
62.328,15.483,0,9.773
62.224,15.483,0,9.749
62.121,15.483,0,9.725
62.017,15.483,0,9.701
61.914,15.483,0,9.679
61.81,15.483,0,9.655
61.707,15.483,0,9.62
61.604,15.483,0,9.585
61.5,15.483,0,9.55
61.397,15.483,0,9.515
61.294,15.483,0,9.48
61.191,15.483,0,9.447
61.087,15.483,0,9.414
60.984,15.483,0,9.38
60.881,15.483,0,9.347
60.778,15.483,0,9.315
60.675,15.483,0,9.285
60.572,15.483,0,9.256
60.469,15.483,0,9.227
60.366,15.483,0,9.197
60.263,15.483,0,9.169
60.16,15.483,0,9.143
60.057,15.483,0,9.118
59.954,15.483,0,9.093
59.851,15.483,0,9.068
59.749,15.483,0,9.042
59.646,15.483,0,9.013
59.543,15.483,0,8.983
59.441,15.483,0,8.953
59.338,15.483,0,8.923
59.235,15.483,0,8.896
59.133,15.483,0,8.884
59.03,15.483,0,8.873
58.928,15.483,0,8.863
58.826,15.483,0,8.853
58.724,15.483,0,8.844
58.622,15.483,0,8.836
58.52,15.483,0,8.829
58.418,15.483,0,8.821
58.316,15.483,0,8.814
58.215,15.483,0,8.807
58.113,15.483,0,8.794
58.011,15.483,0,8.78
57.91,15.483,0,8.767
57.809,15.483,0,8.753
57.707,15.483,0,8.738
57.606,15.483,0,8.71
57.505,15.483,0,8.682
57.404,15.483,0,8.654
57.302,15.483,0,8.626
57.201,15.483,0,8.598
57.1,15.483,0,8.579
56.999,15.483,0,8.561
56.898,15.483,0,8.542
56.797,15.483,0,8.523
56.695,15.483,0,8.502
56.594,15.483,0,8.47
56.493,15.483,0,8.438
56.392,15.483,0,8.406
56.291,15.483,0,8.373
56.19,15.483,0,8.34
56.089,15.483,0,8.307
55.988,15.483,0,8.274
55.887,15.483,0,8.241
55.786,15.483,0,8.208
55.685,15.483,0,8.174
55.584,15.483,0,8.135
55.482,15.483,0,8.097
55.381,15.483,0,8.059
55.28,15.483,0,8.022
55.179,15.483,0,7.985
55.077,15.483,0,7.953
54.976,15.483,0,7.921
54.874,15.483,0,7.89
54.773,15.483,0,7.858
54.672,15.483,0,7.827
54.57,15.483,0,7.799
54.469,15.483,0,7.77
54.367,15.483,0,7.742
54.266,15.483,0,7.714
54.164,15.483,0,7.686
54.063,15.483,0,7.658
53.961,15.483,0,7.63
53.86,15.483,0,7.603
53.758,15.483,0,7.576
53.657,15.483,0,7.549
53.555,15.483,0,7.528
53.454,15.483,0,7.506
53.352,15.483,0,7.485
53.25,15.483,0,7.463
53.149,15.483,0,7.441
53.047,15.483,0,7.414
52.946,15.483,0,7.388
52.844,15.483,0,7.361
52.743,15.483,0,7.334
52.641,15.483,0,7.308
52.539,15.483,0,7.283
52.438,15.483,0,7.259
52.336,15.483,0,7.235
52.234,15.483,0,7.21
52.133,15.483,0,7.187
52.031,15.483,0,7.166
51.929,15.483,0,7.146
51.828,15.483,0,7.125
51.726,15.483,0,7.105
51.624,15.483,0,7.083
51.523,15.483,0,7.046
51.421,15.483,0,7.011
51.319,15.483,0,6.977
51.217,15.483,0,6.944
51.115,15.483,0,6.913
51.012,15.483,0,6.883
50.91,15.483,0,6.855
50.808,15.483,0,6.828
50.705,15.483,0,6.802
50.603,15.483,0,6.777
50.5,15.483,0,6.759
50.398,15.483,0,6.741
50.295,15.483,0,6.723
50.193,15.483,0,6.705
50.09,15.483,0,6.687
49.987,15.483,0,6.665
49.885,15.483,0,6.643
49.782,15.483,0,6.621
49.679,15.483,0,6.6
49.577,15.483,0,6.579
49.474,15.483,0,6.557
49.371,15.483,0,6.536
49.268,15.483,0,6.515
49.165,15.483,0,6.495
49.062,15.483,0,6.475
48.959,15.483,0,6.455
48.856,15.483,0,6.436
48.753,15.483,0,6.417
48.649,15.483,0,6.398
48.546,15.483,0,6.379
48.443,15.483,0,6.36
48.341,15.483,0,6.34
48.238,15.483,0,6.32
48.135,15.483,0,6.3
48.032,15.483,0,6.28
47.929,15.483,0,6.26
47.826,15.483,0,6.24
47.723,15.483,0,6.219
47.62,15.483,0,6.199
47.516,15.483,0,6.178
47.413,15.483,0,6.158
47.31,15.483,0,6.138
47.207,15.483,0,6.118
47.104,15.483,0,6.098
47.002,15.483,0,6.078
46.899,15.483,0,6.057
46.796,15.483,0,6.036
46.693,15.483,0,6.015
46.59,15.483,0,5.994
46.487,15.483,0,5.973
46.384,15.483,0,5.952
46.281,15.483,0,5.931
46.178,15.483,0,5.91
46.075,15.483,0,5.889
45.972,15.483,0,5.868
45.869,15.483,0,5.847
45.767,15.483,0,5.826
45.664,15.483,0,5.805
45.561,15.483,0,5.784
45.458,15.483,0,5.762
45.356,15.483,0,5.74
45.253,15.483,0,5.718
45.15,15.483,0,5.696
45.047,15.483,0,5.674
44.944,15.483,0,5.652
44.841,15.483,0,5.63
44.738,15.483,0,5.608
44.635,15.483,0,5.586
44.532,15.483,0,5.564
44.429,15.483,0,5.542
44.327,15.483,0,5.52
44.224,15.483,0,5.498
44.121,15.483,0,5.475
44.018,15.483,0,5.453
43.915,15.483,0,5.431
43.813,15.483,0,5.408
43.71,15.483,0,5.386
43.607,15.483,0,5.363
43.505,15.483,0,5.341
43.402,15.483,0,5.319
43.299,15.483,0,5.296
43.197,15.483,0,5.273
43.095,15.483,0,5.251
42.992,15.483,0,5.228
42.89,15.483,0,5.205
42.787,15.483,0,5.183
42.685,15.483,0,5.16
42.583,15.483,0,5.138
42.48,15.483,0,5.115
42.378,15.483,0,5.093
42.276,15.483,0,5.072
42.174,15.483,0,5.053
42.072,15.483,0,5.034
41.97,15.483,0,5.016
41.869,15.483,0,4.999
41.767,15.483,0,4.977
41.666,15.483,0,4.956
41.564,15.483,0,4.934
41.463,15.483,0,4.913
41.362,15.483,0,4.892
41.26,15.483,0,4.873
41.159,15.483,0,4.853
41.058,15.483,0,4.834
40.957,15.483,0,4.816
40.856,15.483,0,4.797
40.755,15.483,0,4.779
40.654,15.483,0,4.761
40.553,15.483,0,4.744
40.452,15.483,0,4.726
40.351,15.483,0,4.709
40.251,15.483,0,4.695
40.15,15.483,0,4.681
40.05,15.483,0,4.668
39.949,15.483,0,4.655
39.849,15.483,0,4.64
39.748,15.483,0,4.606
39.648,15.483,0,4.573
39.547,15.483,0,4.541
39.447,15.483,0,4.509
39.346,15.483,0,4.481
39.246,15.483,0,4.472
39.145,15.483,0,4.465
39.045,15.483,0,4.46
38.945,15.483,0,4.455
38.844,15.483,0,4.451
38.744,15.483,0,4.432
38.644,15.483,0,4.414
38.544,15.483,0,4.395
38.444,15.483,0,4.377
38.345,15.483,0,4.36
38.245,15.483,0,4.353
38.145,15.483,0,4.348
38.045,15.483,0,4.343
37.946,15.483,0,4.338
37.846,15.483,0,4.333
37.747,15.483,0,4.311
37.647,15.483,0,4.29
37.548,15.483,0,4.268
37.448,15.483,0,4.247
37.349,15.483,0,4.225
37.249,15.483,0,4.205
37.15,15.483,0,4.185
37.051,15.483,0,4.165
36.951,15.483,0,4.145
36.852,15.483,0,4.127
36.752,15.483,0,4.123
36.653,15.483,0,4.119
36.554,15.483,0,4.116
36.455,15.483,0,4.113
36.356,15.483,0,4.108
36.257,15.483,0,4.086
36.158,15.483,0,4.064
36.059,15.483,0,4.042
35.96,15.483,0,4.02
35.861,15.483,0,3.999
35.762,15.483,0,3.988
35.663,15.483,0,3.977
35.564,15.483,0,3.966
35.466,15.483,0,3.956
35.367,15.483,0,3.944
35.268,15.483,0,3.92
35.169,15.483,0,3.897
35.07,15.483,0,3.874
34.972,15.483,0,3.851
34.873,15.483,0,3.828
34.774,15.483,0,3.807
34.675,15.483,0,3.786
34.576,15.483,0,3.765
34.477,15.483,0,3.745
34.379,15.483,0,3.724
34.28,15.483,0,3.7
34.181,15.483,0,3.677
34.082,15.483,0,3.653
33.983,15.483,0,3.63
33.884,15.483,0,3.607
33.785,15.483,0,3.588
33.686,15.483,0,3.568
33.587,15.483,0,3.549
33.488,15.483,0,3.53
33.389,15.483,0,3.512
33.29,15.483,0,3.512
33.192,15.483,0,3.512
33.093,15.483,0,3.512
32.994,15.483,0,3.512
32.896,15.483,0,3.513
32.797,15.483,0,3.506
32.699,15.483,0,3.499
32.6,15.483,0,3.493
32.502,15.483,0,3.486
32.404,15.483,0,3.479
32.305,15.483,0,3.46
32.207,15.483,0,3.441
32.109,15.483,0,3.423
32.01,15.483,0,3.404
31.912,15.483,0,3.386
31.814,15.483,0,3.373
31.715,15.483,0,3.359
31.617,15.483,0,3.346
31.519,15.483,0,3.333
31.421,15.483,0,3.318
31.322,15.483,0,3.291
31.224,15.483,0,3.265
31.126,15.483,0,3.238
31.027,15.483,0,3.212
30.929,15.483,0,3.187
30.831,15.483,0,3.166
30.732,15.483,0,3.145
30.634,15.483,0,3.125
30.535,15.483,0,3.104
30.437,15.483,0,3.083
30.338,15.483,0,3.054
30.239,15.483,0,3.026
30.141,15.483,0,2.998
30.042,15.483,0,2.971
29.943,15.483,0,2.945
29.844,15.483,0,2.929
29.746,15.483,0,2.913
29.647,15.483,0,2.897
29.548,15.483,0,2.881
29.449,15.483,0,2.864
29.35,15.483,0,2.843
29.251,15.483,0,2.822
29.152,15.483,0,2.802
29.054,15.483,0,2.781
28.955,15.483,0,2.762
28.856,15.483,0,2.752
28.757,15.483,0,2.742
28.658,15.483,0,2.732
28.559,15.483,0,2.722
28.46,15.483,0,2.712
28.361,15.483,0,2.706
28.263,15.483,0,2.701
28.164,15.483,0,2.695
28.065,15.483,0,2.69
27.967,15.483,0,2.685
27.868,15.483,0,2.677
27.77,15.483,0,2.669
27.671,15.483,0,2.661
27.573,15.483,0,2.654
27.474,15.483,0,2.645
27.376,15.483,0,2.629
27.277,15.483,0,2.613
27.179,15.483,0,2.596
27.08,15.483,0,2.58
26.982,15.483,0,2.565
26.884,15.483,0,2.558
26.785,15.483,0,2.551
26.687,15.483,0,2.544
26.588,15.483,0,2.537
26.49,15.483,0,2.53
26.392,15.483,0,2.521
26.294,15.483,0,2.512
26.195,15.483,0,2.504
26.097,15.483,0,2.495
25.999,15.483,0,2.486
25.901,15.483,0,2.484
25.803,15.483,0,2.482
25.705,15.483,0,2.48
25.607,15.483,0,2.478
25.509,15.483,0,2.475
25.411,15.483,0,2.466
25.313,15.483,0,2.456
25.215,15.483,0,2.447
25.117,15.483,0,2.438
25.019,15.483,0,2.43
24.922,15.483,0,2.435
24.824,15.483,0,2.44
24.726,15.483,0,2.446
24.629,15.483,0,2.452
24.531,15.483,0,2.456
24.434,15.483,0,2.443
24.337,15.483,0,2.43
24.239,15.483,0,2.417
24.142,15.483,0,2.404
24.044,15.483,0,2.391
23.947,15.483,0,2.383
23.85,15.483,0,2.375
23.752,15.483,0,2.367
23.655,15.483,0,2.359
23.558,15.483,0,2.35
23.46,15.483,0,2.335
23.363,15.483,0,2.32
23.266,15.483,0,2.305
23.168,15.483,0,2.291
23.071,15.483,0,2.276
22.974,15.483,0,2.265
22.876,15.483,0,2.254
22.779,15.483,0,2.243
22.682,15.483,0,2.232
22.584,15.483,0,2.221
22.487,15.483,0,2.204
22.39,15.483,0,2.187
22.292,15.483,0,2.17
22.195,15.483,0,2.153
22.097,15.483,0,2.137
22,15.483,0,2.13
21.903,15.483,0,2.123
21.805,15.483,0,2.117
21.708,15.483,0,2.11
21.611,15.483,0,2.101
21.513,15.483,0,2.079
21.416,15.483,0,2.057
21.318,15.483,0,2.036
21.221,15.483,0,2.015
21.123,15.483,0,1.996
21.026,15.483,0,1.997
20.928,15.483,0,1.999
20.831,15.483,0,2
20.733,15.483,0,2.002
20.636,15.483,0,2.002
20.539,15.483,0,1.985
20.441,15.483,0,1.967
20.344,15.483,0,1.95
20.247,15.483,0,1.933
20.149,15.483,0,1.917
20.052,15.483,0,1.914
19.954,15.483,0,1.91
19.857,15.483,0,1.907
19.76,15.483,0,1.904
19.662,15.483,0,1.9
19.565,15.483,0,1.895
19.468,15.483,0,1.889
19.371,15.483,0,1.884
19.274,15.483,0,1.878
19.176,15.483,0,1.872
19.079,15.483,0,1.858
18.982,15.483,0,1.844
18.885,15.483,0,1.83
18.788,15.483,0,1.816
18.69,15.483,0,1.802
18.593,15.483,0,1.783
18.496,15.483,0,1.765
18.399,15.483,0,1.747
18.301,15.483,0,1.729
18.204,15.483,0,1.712
18.106,15.483,0,1.697
18.009,15.483,0,1.683
17.911,15.483,0,1.668
17.814,15.483,0,1.654
17.716,15.483,0,1.642
17.619,15.483,0,1.646
17.521,15.483,0,1.652
17.424,15.483,0,1.657
17.327,15.483,0,1.663
17.23,15.483,0,1.667
17.132,15.483,0,1.658
17.035,15.483,0,1.649
16.938,15.483,0,1.641
16.841,15.483,0,1.632
16.744,15.483,0,1.623
16.647,15.483,0,1.608
16.549,15.483,0,1.594
16.452,15.483,0,1.58
16.355,15.483,0,1.565
16.258,15.483,0,1.551
16.16,15.483,0,1.537
16.063,15.483,0,1.523
15.966,15.483,0,1.508
15.868,15.483,0,1.494
15.771,15.483,0,1.481
15.674,15.483,0,1.477
15.576,15.483,0,1.472
15.479,15.483,0,1.468
15.382,15.483,0,1.463
15.285,15.483,0,1.459
15.187,15.483,0,1.447
15.09,15.483,0,1.435
14.993,15.483,0,1.424
14.895,15.483,0,1.412
14.798,15.483,0,1.4
14.701,15.483,0,1.387
14.603,15.483,0,1.373
14.506,15.483,0,1.359
14.409,15.483,0,1.346
14.311,15.483,0,1.333
14.214,15.483,0,1.329
14.116,15.483,0,1.325
14.019,15.483,0,1.322
13.922,15.483,0,1.318
13.824,15.483,0,1.313
13.727,15.483,0,1.292
13.63,15.483,0,1.272
13.532,15.483,0,1.252
13.435,15.483,0,1.232
13.337,15.483,0,1.216
13.24,15.483,0,1.227
13.142,15.483,0,1.238
13.045,15.483,0,1.25
12.948,15.483,0,1.262
12.851,15.483,0,1.272
12.754,15.483,0,1.269
12.657,15.483,0,1.265
12.56,15.483,0,1.261
12.463,15.483,0,1.258
12.366,15.483,0,1.255
12.269,15.483,0,1.26
12.172,15.483,0,1.265
12.075,15.483,0,1.27
11.979,15.483,0,1.275
11.882,15.483,0,1.279
11.785,15.483,0,1.278
11.689,15.483,0,1.276
11.592,15.483,0,1.274
11.496,15.483,0,1.272
11.399,15.483,0,1.27
11.303,15.483,0,1.262
11.206,15.483,0,1.255
11.11,15.483,0,1.247
11.014,15.483,0,1.239
10.917,15.483,0,1.233
10.821,15.483,0,1.237
10.724,15.483,0,1.242
10.628,15.483,0,1.246
10.532,15.483,0,1.251
10.436,15.483,0,1.253
10.34,15.483,0,1.238
10.244,15.483,0,1.223
10.147,15.483,0,1.209
10.051,15.483,0,1.194
9.955,15.483,0,1.18
9.859,15.483,0,1.174
9.762,15.483,0,1.168
9.666,15.483,0,1.161
9.57,15.483,0,1.155
9.474,15.483,0,1.149
9.378,15.483,0,1.147
9.281,15.483,0,1.144
9.185,15.483,0,1.142
9.089,15.483,0,1.14
8.993,15.483,0,1.137
8.897,15.483,0,1.133
8.801,15.483,0,1.129
8.705,15.483,0,1.125
8.609,15.483,0,1.12
8.513,15.483,0,1.116
8.417,15.483,0,1.105
8.321,15.483,0,1.095
8.225,15.483,0,1.085
8.129,15.483,0,1.075
8.033,15.483,0,1.066
7.937,15.483,0,1.067
7.841,15.483,0,1.069
7.745,15.483,0,1.07
7.65,15.483,0,1.072
7.554,15.483,0,1.072
7.458,15.483,0,1.064
7.362,15.483,0,1.057
7.267,15.483,0,1.049
7.171,15.483,0,1.041
7.075,15.483,0,1.035
6.979,15.483,0,1.04
6.884,15.483,0,1.044
6.788,15.483,0,1.049
6.693,15.483,0,1.054
6.597,15.483,0,1.056
6.502,15.483,0,1.036
6.406,15.483,0,1.017
6.311,15.483,0,0.997
6.215,15.483,0,0.978
6.12,15.483,0,0.962
6.024,15.483,0,0.965
5.928,15.483,0,0.968
5.833,15.483,0,0.971
5.737,15.483,0,0.974
5.642,15.483,0,0.976
5.547,15.483,0,0.972
5.451,15.483,0,0.967
5.356,15.483,0,0.962
5.261,15.483,0,0.957
5.165,15.483,0,0.953
5.07,15.483,0,0.953
4.975,15.483,0,0.952
4.88,15.483,0,0.952
4.784,15.483,0,0.951
4.689,15.483,0,0.952
4.594,15.483,0,0.961
4.499,15.483,0,0.971
4.405,15.483,0,0.98
4.31,15.483,0,0.989
4.215,15.483,0,0.997
4.121,15.483,0,0.994
4.026,15.483,0,0.99
3.932,15.483,0,0.986
3.837,15.483,0,0.983
3.743,15.483,0,0.981
3.649,15.483,0,0.991
3.555,15.483,0,1.001
3.46,15.483,0,1.011
3.366,15.483,0,1.022
3.273,15.483,0,1.031
3.179,15.483,0,1.03
3.085,15.483,0,1.029
2.991,15.483,0,1.028
2.898,15.483,0,1.027
2.804,15.483,0,1.026
2.711,15.483,0,1.02
2.617,15.483,0,1.015
2.524,15.483,0,1.01
2.43,15.483,0,1.005
2.337,15.483,0,1
2.243,15.483,0,1.004
2.15,15.483,0,1.007
2.057,15.483,0,1.01
1.964,15.483,0,1.014
1.871,15.483,0,1.016
1.778,15.483,0,1.012
1.685,15.483,0,1.008
1.592,15.483,0,1.004
1.499,15.483,0,1
1.406,15.483,0,0.997
1.313,15.483,0,0.998
1.221,15.483,0,0.999
1.128,15.483,0,1
1.035,15.483,0,1.001
0.943,15.483,0,1.003
0.85,15.483,0,1.01
0.758,15.483,0,1.017
0.666,15.483,0,1.025
0.574,15.483,0,1.032
0.482,15.483,0,1.038
0.39,15.483,0,1.031
0.298,15.483,0,1.024
0.206,15.483,0,1.016
0.114,15.483,0,1.009
0.023,15.483,0,1.003
-0.069,15.483,0,1.008
-0.161,15.483,0,1.012
-0.252,15.483,0,1.017
-0.344,15.483,0,1.021
-0.435,15.483,0,1.025
-0.445,15.483,0,52.296
-3.422,15.483,0,52.256
-7.98,15.483,0,50.816
-12.092,15.483,0,50.699
-15.719,15.483,0,57.887
-18.737,15.483,0,65.508
-20.957,15.483,0,80.131
-22.688,15.483,0,95.374
-24.369,15.483,0,105.505
-25.646,15.483,0,115.824
-26.586,15.483,0,124.801
-27.228,15.483,0,134.075
-27.686,15.483,0,139.019
-27.992,15.483,0,143.581
-28.195,15.483,0,146.627
-28.345,15.483,0,147.55
-28.443,15.483,0,149.022
-28.514,15.483,0,149.448
-28.555,15.483,0,150.37
-28.578,15.483,0,150.804
-28.586,15.483,0,151.26
-28.584,15.483,0,151.61
-28.574,15.483,0,151.87
-28.561,15.483,0,151.941
-28.541,15.483,0,152.227
-28.524,15.483,0,152.069
-28.505,15.483,0,152.114
-28.485,15.483,0,152.185
-28.462,15.483,0,152.308
-28.439,15.483,0,152.362
-28.42,15.483,0,152.084
-28.401,15.483,0,152.114
-28.38,15.483,0,152.189
-28.359,15.483,0,152.157
-28.339,15.483,0,152.161
-28.318,15.483,0,152.15
-28.296,15.483,0,152.239
-28.275,15.483,0,152.152
-28.254,15.483,0,152.215
-28.233,15.483,0,152.15
-28.213,15.483,0,152.147
-28.19,15.483,0,152.305
-28.166,15.483,0,152.357
-28.147,15.483,0,152.162
-28.127,15.483,0,152.139
-28.105,15.483,0,152.327
-28.086,15.483,0,152.112
-28.059,15.483,0,152.565
-28.043,15.483,0,152.041
-28.023,15.483,0,152.152
-28.005,15.483,0,152.104
-27.983,15.483,0,152.307
-27.965,15.483,0,152.079
-27.945,15.483,0,152.162
-27.926,15.483,0,152.146
-27.907,15.483,0,152.107
-27.888,15.483,0,152.125
-27.868,15.483,0,152.158
-27.847,15.483,0,152.192
-27.826,15.483,0,152.233
-27.806,15.483,0,152.143
-27.777,15.483,0,152.709
-27.749,15.483,0,152.724
-27.732,15.483,0,152.174
-27.716,15.483,0,152.011
-27.698,15.483,0,152.144
-27.679,15.483,0,152.133
-27.661,15.483,0,152.117
-27.642,15.483,0,152.114
-27.623,15.483,0,152.129
-27.602,15.483,0,152.198
-27.583,15.483,0,152.137
-27.564,15.483,0,152.135
-27.544,15.483,0,152.156
-27.523,15.483,0,152.23
-27.503,15.483,0,152.177
-27.484,15.483,0,152.128
-27.464,15.483,0,152.215
-27.443,15.483,0,152.286
-27.424,15.483,0,152.151
-27.406,15.483,0,152.099
-27.387,15.483,0,152.113
-27.368,15.483,0,152.147
-27.35,15.483,0,152.119
-27.33,15.483,0,152.174
-27.312,15.483,0,152.122
-27.291,15.483,0,152.229
-27.273,15.483,0,152.145
-27.255,15.483,0,152.104
-27.235,15.483,0,152.207
-27.217,15.483,0,152.132
-27.198,15.483,0,152.146
-27.179,15.483,0,152.186
-27.16,15.483,0,152.189
-27.139,15.483,0,152.29
-27.121,15.483,0,152.091
-27.103,15.483,0,152.137
-27.084,15.483,0,152.133
-27.063,15.483,0,152.251
-27.044,15.483,0,152.171
-27.024,15.483,0,152.261
-27.005,15.483,0,152.169
-26.986,15.483,0,152.189
-26.968,15.483,0,152.101
-26.948,15.483,0,152.277
-26.93,15.483,0,152.148
-26.909,15.483,0,152.306
-26.891,15.483,0,152.13
-26.874,15.483,0,152.088
-26.856,15.483,0,152.106
-26.838,15.483,0,152.164
-26.818,15.483,0,152.201
-26.8,15.483,0,152.182
-26.781,15.483,0,152.218
-26.762,15.483,0,152.181
-26.745,15.483,0,152.086
-26.728,15.483,0,152.099
-26.71,15.483,0,152.117
-26.686,15.483,0,152.544
-26.67,15.483,0,152.076
-26.652,15.483,0,152.182
-26.635,15.483,0,152.123
-26.619,15.483,0,152.086
-26.601,15.483,0,152.141
-26.584,15.483,0,152.09
-26.564,15.483,0,152.282
-26.547,15.483,0,152.172
-26.531,15.483,0,152.085
-26.513,15.483,0,152.147
-26.497,15.483,0,152.086
-26.479,15.483,0,152.144
-26.461,15.483,0,152.14
-26.442,15.483,0,152.265
-26.423,15.483,0,152.198
-26.405,15.483,0,152.171
-26.387,15.483,0,152.205
-26.367,15.483,0,152.275
-26.351,15.483,0,152.111
-26.334,15.483,0,152.1
-26.316,15.483,0,152.146
-26.294,15.483,0,152.409
-26.278,15.483,0,152.153
-26.261,15.483,0,152.107
-26.244,15.483,0,152.126
-26.228,15.483,0,152.094
-26.211,15.483,0,152.1
-26.193,15.483,0,152.159
-26.176,15.483,0,152.12
-26.159,15.483,0,152.109
-26.139,15.483,0,152.312
-26.122,15.483,0,152.16
-26.106,15.483,0,152.1
-26.088,15.483,0,152.2
-26.072,15.483,0,152.085
-26.056,15.483,0,152.092
-26.039,15.483,0,152.134
-26.022,15.483,0,152.101
-26.003,15.483,0,152.285
-25.987,15.483,0,152.1
-25.971,15.483,0,152.09
-25.954,15.483,0,152.104
-25.938,15.483,0,152.104
-25.922,15.483,0,152.103
-25.895,15.483,0,152.733
-25.883,15.483,0,151.98
-25.868,15.483,0,152.072
-25.85,15.483,0,152.247
-25.836,15.483,0,152.043
-25.82,15.483,0,152.158
-25.804,15.483,0,152.086
-25.788,15.483,0,152.101
-25.771,15.483,0,152.127
-25.751,15.483,0,152.334
-25.725,15.483,0,152.775
-25.712,15.483,0,152.064
-25.699,15.483,0,152.006
-25.684,15.483,0,152.048
-25.668,15.483,0,152.155
-25.65,15.483,0,152.201
-25.634,15.483,0,152.149
-25.617,15.483,0,152.191
-25.602,15.483,0,152.076
-25.586,15.483,0,152.123
-25.57,15.483,0,152.12
-25.554,15.483,0,152.1
-25.535,15.483,0,152.245
-25.52,15.483,0,152.079
-25.505,15.483,0,152.092
-25.488,15.483,0,152.141
-25.471,15.483,0,152.21
-25.455,15.483,0,152.084
-25.44,15.483,0,152.114
-25.424,15.483,0,152.092
-25.407,15.483,0,152.168
-25.391,15.483,0,152.138
-25.374,15.483,0,152.192
-25.359,15.483,0,152.115
-25.342,15.483,0,152.161
-25.326,15.483,0,152.208
-25.306,15.483,0,152.366
-25.281,15.483,0,152.794
-25.271,15.483,0,151.954
-25.259,15.483,0,152.001
-25.247,15.483,0,152.024
-25.229,15.483,0,152.266
-25.216,15.483,0,152.02
-25.202,15.483,0,152.059
-25.188,15.483,0,152.072
-25.173,15.483,0,152.089
-25.157,15.483,0,152.11
-25.142,15.483,0,152.112
-25.125,15.483,0,152.169
-25.108,15.483,0,152.217
-25.092,15.483,0,152.154
-25.076,15.483,0,152.116
-25.061,15.483,0,152.111
-25.039,15.483,0,152.482
-25.026,15.483,0,152.067
-25.01,15.483,0,152.174
-24.995,15.483,0,152.126
-24.981,15.483,0,152.074
-24.966,15.483,0,152.123
-24.949,15.483,0,152.189
-24.932,15.483,0,152.272
-24.918,15.483,0,152.059
-24.903,15.483,0,152.103
-24.885,15.483,0,152.305
-24.868,15.483,0,152.295
-24.855,15.483,0,152.039
-24.84,15.483,0,152.161
-24.826,15.483,0,152.115
-24.809,15.483,0,152.215
-24.795,15.483,0,152.113
-24.776,15.483,0,152.415
-24.764,15.483,0,152.004
-24.75,15.483,0,152.132
-24.736,15.483,0,152.048
-24.722,15.483,0,152.106
-24.707,15.483,0,152.141
-24.693,15.483,0,152.078
-24.676,15.483,0,152.256
-24.663,15.483,0,152.077
-24.648,15.483,0,152.115
-24.621,15.483,0,152.902
-24.608,15.483,0,152.182
-24.598,15.483,0,151.978
-24.587,15.483,0,151.989
-24.574,15.483,0,152.052
-24.561,15.483,0,152.09
-24.541,15.483,0,152.451
-24.529,15.483,0,152.017
-24.515,15.483,0,152.084
-24.497,15.483,0,152.362
-24.484,15.483,0,152.063
-24.471,15.483,0,152.059
-24.456,15.483,0,152.099
-24.44,15.483,0,152.201
-24.422,15.483,0,152.35
-24.41,15.483,0,152.039
-24.396,15.483,0,152.123
-24.381,15.483,0,152.115
-24.368,15.483,0,152.075
-24.35,15.483,0,152.341
-24.337,15.483,0,152.054
-24.322,15.483,0,152.145
-24.309,15.483,0,152.066
-24.291,15.483,0,152.325
-24.272,15.483,0,152.47
-24.243,15.483,0,153.149
-24.236,15.483,0,151.935
-24.219,15.483,0,152.472
-24.21,15.483,0,152.061
-24.198,15.483,0,152.13
-24.185,15.483,0,152.182
-24.171,15.483,0,152.241
-24.161,15.483,0,151.967
-24.148,15.483,0,152.104
-24.136,15.483,0,152.044
-24.123,15.483,0,152.074
-24.11,15.483,0,152.067
-24.095,15.483,0,152.179
-24.081,15.483,0,152.184
-24.066,15.483,0,152.167
-24.054,15.483,0,152.05
-24.041,15.483,0,152.069
-24.028,15.483,0,152.086
-24.014,15.483,0,152.086
-24.001,15.483,0,152.114
-23.986,15.483,0,152.155
-23.973,15.483,0,152.092
-23.957,15.483,0,152.254
-23.942,15.483,0,152.212
-23.928,15.483,0,152.101
-23.916,15.483,0,152.066
-23.902,15.483,0,152.084
-23.885,15.483,0,152.293
-23.872,15.483,0,152.087
-23.859,15.483,0,152.096
-23.845,15.483,0,152.139
-23.824,15.483,0,152.6
-23.812,15.483,0,152.072
-23.801,15.483,0,152.022
-23.786,15.483,0,152.241
-23.773,15.483,0,152.116
-23.76,15.483,0,152.121
-23.748,15.483,0,152.074
-23.734,15.483,0,152.157
-23.72,15.483,0,152.155
-23.707,15.483,0,152.099
-23.207,15.483,0,3605.779
-22.993,15.483,0,3455.278
-22.784,15.483,0,3392.035
-22.579,15.483,0,3330.571
-22.377,15.483,0,3270.819
-22.18,15.483,0,3212.716
-21.986,15.483,0,3156.201
-21.795,15.483,0,3101.217
-21.608,15.483,0,3047.709
-21.424,15.483,0,2995.625
-21.244,15.483,0,2944.914
-21.067,15.483,0,2895.529
-20.893,15.483,0,2847.424
-20.722,15.483,0,2800.557
-20.553,15.483,0,2754.892
-20.388,15.483,0,2710.379
-20.226,15.483,0,2666.981
-20.066,15.483,0,2624.661
-19.909,15.483,0,2583.383
-19.754,15.483,0,2543.113
-19.603,15.483,0,2503.819
-19.453,15.483,0,2465.469
-19.306,15.483,0,2428.034
-19.161,15.483,0,2391.483
-19.019,15.483,0,2355.791
-18.879,15.483,0,2320.929
-18.741,15.483,0,2286.873
-18.605,15.483,0,2253.598
-18.472,15.483,0,2221.079
-18.34,15.483,0,2189.295
-18.21,15.483,0,2158.223
-18.083,15.483,0,2127.842
-17.957,15.483,0,2098.131
-17.833,15.483,0,2069.072
-17.711,15.483,0,2040.645
-17.591,15.483,0,2012.832
-17.473,15.483,0,1985.616
-17.356,15.483,0,1958.978
-17.241,15.483,0,1932.904
-17.128,15.483,0,1907.378
-17.016,15.483,0,1882.383
-16.906,15.483,0,1857.906
-16.797,15.483,0,1833.932
-16.69,15.483,0,1810.448
-16.584,15.483,0,1787.439
-16.48,15.483,0,1764.895
-16.377,15.483,0,1742.801
-16.276,15.483,0,1721.147
-16.176,15.483,0,1699.92
-16.077,15.483,0,1679.109
-15.98,15.483,0,1658.704
-15.884,15.483,0,1638.695
-15.789,15.483,0,1619.07
-15.696,15.483,0,1599.82
-15.603,15.483,0,1580.936
-15.512,15.483,0,1562.408
-15.422,15.483,0,1544.228
-15.333,15.483,0,1526.387
-15.246,15.483,0,1508.876
-15.159,15.483,0,1491.688
-15.074,15.483,0,1474.814
-14.989,15.483,0,1458.247
-14.906,15.483,0,1441.98
-14.824,15.483,0,1425.997
-14.743,15.483,0,1410.283
-14.662,15.483,0,1394.849
-14.581,15.483,0,1379.646
-14.5,15.483,0,1364.443
-14.418,15.483,0,1349.243
-14.336,15.483,0,1334.047
-14.253,15.483,0,1318.854
-14.17,15.483,0,1303.665
-14.086,15.483,0,1288.479
-14.002,15.483,0,1273.298
-13.917,15.483,0,1258.12
-13.832,15.483,0,1242.946
-13.746,15.483,0,1227.777
-13.66,15.483,0,1212.611
-13.574,15.483,0,1197.45
-13.486,15.483,0,1182.293
-13.399,15.483,0,1167.141
-13.31,15.483,0,1151.994
-13.221,15.483,0,1136.851
-13.132,15.483,0,1121.714
-13.042,15.483,0,1106.581
-12.951,15.483,0,1091.454
-12.86,15.483,0,1076.332
-12.768,15.483,0,1061.216
-12.676,15.483,0,1046.106
-12.583,15.483,0,1031.001
-12.489,15.483,0,1015.903
-12.394,15.483,0,1000.811
-12.299,15.483,0,985.726
-12.203,15.483,0,970.647
-12.107,15.483,0,955.576
-12.01,15.483,0,940.511
-11.911,15.483,0,925.455
-11.813,15.483,0,910.406
-11.713,15.483,0,895.365
-11.613,15.483,0,880.331
-11.511,15.483,0,865.29
-11.409,15.483,0,850.267
-11.306,15.483,0,835.252
-11.202,15.483,0,820.247
-11.098,15.483,0,805.252
-10.992,15.483,0,790.267
-10.885,15.483,0,775.292
-10.778,15.483,0,760.329
-10.669,15.483,0,745.377
-10.559,15.483,0,730.438
-10.449,15.483,0,715.511
-10.337,15.483,0,700.597
-10.224,15.483,0,685.697
-10.11,15.483,0,670.812
-9.995,15.483,0,655.943
-9.878,15.483,0,641.09
-9.76,15.483,0,626.253
-9.642,15.483,0,611.4
-9.522,15.483,0,596.584
-9.401,15.483,0,581.849
-9.278,15.483,0,567.136
-9.155,15.483,0,552.449
-9.029,15.483,0,537.788
-8.902,15.483,0,523.157
-8.773,15.483,0,508.558
-8.643,15.483,0,493.992
-8.511,15.483,0,479.462
-8.377,15.483,0,464.975
-8.242,15.483,0,450.546
-8.104,15.483,0,436.18
-7.964,15.483,0,421.868
-7.823,15.483,0,407.614
-7.679,15.483,0,393.425
-7.532,15.483,0,379.309
-7.384,15.483,0,365.043
-7.233,15.483,0,350.81
-7.079,15.483,0,336.659
-6.924,15.483,0,322.585
-6.767,15.483,0,308.471
-6.61,15.483,0,294.537
-6.45,15.483,0,280.849
-6.284,15.483,0,267.428
-6.117,15.483,0,254.039
-5.952,15.483,0,240.489
-5.825,15.483,0,227.421
-5.657,15.483,0,217.919
-5.491,15.483,0,205.427
-5.355,15.483,0,193.759
-5.255,15.483,0,184.355
-5.155,15.483,0,177.295
-4.983,15.483,0,170.633
-4.929,15.483,0,163.958
-4.917,15.483,0,156.033
-4.859,15.483,0,155.422
-4.842,15.483,0,156.217
-4.847,15.483,0,151.309
-4.863,15.483,0,151.127
-4.821,15.483,0,155.745
-4.829,15.483,0,151.983
-4.855,15.483,0,151.992
-4.849,15.483,0,152.29
-4.817,15.483,0,154.27
-4.891,15.483,0,149.6
-4.832,15.483,0,156.206
-4.792,15.483,0,157.809
-4.804,15.483,0,150.721
-4.825,15.483,0,149.257
-4.847,15.483,0,149.743
-4.829,15.483,0,160.818
-4.826,15.483,0,154.609
-4.833,15.483,0,150.333
-4.84,15.483,0,150.355
-4.869,15.483,0,150.833
-4.797,15.483,0,159.162
-4.818,15.483,0,148.665
-4.835,15.483,0,149.534
-4.839,15.483,0,151.997
-4.847,15.483,0,150.786
-4.853,15.483,0,151.452
-4.844,15.483,0,153.099
-4.854,15.483,0,151.632
-4.841,15.483,0,152.853
-4.819,15.483,0,153.817
-4.831,15.483,0,151.854
-4.801,15.483,0,158.256
-4.761,15.483,0,157.434
-4.77,15.483,0,154.662
-4.795,15.483,0,149.802
-4.807,15.483,0,148.598
-4.813,15.483,0,151.625
-4.827,15.483,0,149.969
-4.832,15.483,0,151.138
-4.838,15.483,0,150.576
-4.861,15.483,0,151.018
-4.838,15.483,0,152.405
-4.859,15.483,0,151.132
-4.831,15.483,0,152.817
-4.8,15.483,0,154.915
-4.864,15.483,0,148.926
-4.829,15.483,0,152.796
-4.846,15.483,0,151.72
-4.844,15.483,0,151.813
-4.845,15.483,0,151.733
-4.789,15.483,0,157.412
-4.849,15.483,0,151.286
-4.833,15.483,0,152.389
-4.855,15.483,0,151.026
-4.823,15.483,0,152.92
-4.847,15.483,0,151.42
-4.805,15.483,0,153.963
-4.789,15.483,0,157.479
-4.806,15.483,0,149.545
-4.827,15.483,0,149.546
-4.855,15.483,0,150.833
-4.791,15.483,0,157.421
-4.829,15.483,0,148.788
-4.826,15.483,0,153.247
-4.834,15.483,0,151.388
-4.833,15.483,0,152.239
-4.83,15.483,0,153.121
-4.812,15.483,0,153.845
-4.801,15.483,0,156.663
-4.811,15.483,0,150.338
-4.814,15.483,0,152.709
-4.823,15.483,0,150.316
-4.83,15.483,0,150.96
-4.84,15.483,0,151.149
-4.832,15.483,0,152.034
-4.828,15.483,0,152.307
-4.799,15.483,0,154.088
-4.869,15.483,0,149.517
-4.769,15.483,0,156.66
-4.854,15.483,0,147.578
-4.815,15.483,0,153.412
-4.763,15.483,0,161.324
-4.789,15.483,0,148.922
-4.813,15.483,0,148.906
-4.829,15.483,0,150.663
-4.829,15.483,0,151.975
-4.789,15.483,0,159.343
-4.803,15.483,0,148.951
-4.814,15.483,0,150.385
-4.812,15.483,0,153.328
-4.815,15.483,0,151.466
-4.81,15.483,0,154.725
-4.813,15.483,0,152.542
-4.828,15.483,0,150.611
-4.827,15.483,0,153.103